full_date,date_key,year,quarter,month,month_name,day,day_of_week
2022-01-03 00:00:00,20220103,2022,1,1,January,3,0
2022-01-04 00:00:00,20220104,2022,1,1,January,4,1
2022-01-05 00:00:00,20220105,2022,1,1,January,5,2
2022-01-06 00:00:00,20220106,2022,1,1,January,6,3
2022-01-07 00:00:00,20220107,2022,1,1,January,7,4
2022-01-10 00:00:00,20220110,2022,1,1,January,10,0
2022-01-11 00:00:00,20220111,2022,1,1,January,11,1
2022-01-12 00:00:00,20220112,2022,1,1,January,12,2
2022-01-13 00:00:00,20220113,2022,1,1,January,13,3
2022-01-14 00:00:00,20220114,2022,1,1,January,14,4
2022-01-17 00:00:00,20220117,2022,1,1,January,17,0
2022-01-18 00:00:00,20220118,2022,1,1,January,18,1
2022-01-19 00:00:00,20220119,2022,1,1,January,19,2
2022-01-20 00:00:00,20220120,2022,1,1,January,20,3
2022-01-21 00:00:00,20220121,2022,1,1,January,21,4
2022-01-24 00:00:00,20220124,2022,1,1,January,24,0
2022-01-25 00:00:00,20220125,2022,1,1,January,25,1
2022-01-26 00:00:00,20220126,2022,1,1,January,26,2
2022-01-27 00:00:00,20220127,2022,1,1,January,27,3
2022-01-28 00:00:00,20220128,2022,1,1,January,28,4
2022-01-31 00:00:00,20220131,2022,1,1,January,31,0
2022-02-01 00:00:00,20220201,2022,1,2,February,1,1
2022-02-02 00:00:00,20220202,2022,1,2,February,2,2
2022-02-03 00:00:00,20220203,2022,1,2,February,3,3
2022-02-04 00:00:00,20220204,2022,1,2,February,4,4
2022-02-07 00:00:00,20220207,2022,1,2,February,7,0
2022-02-08 00:00:00,20220208,2022,1,2,February,8,1
2022-02-09 00:00:00,20220209,2022,1,2,February,9,2
2022-02-10 00:00:00,20220210,2022,1,2,February,10,3
2022-02-11 00:00:00,20220211,2022,1,2,February,11,4
2022-02-14 00:00:00,20220214,2022,1,2,February,14,0
2022-02-15 00:00:00,20220215,2022,1,2,February,15,1
2022-02-16 00:00:00,20220216,2022,1,2,February,16,2
2022-02-17 00:00:00,20220217,2022,1,2,February,17,3
2022-02-18 00:00:00,20220218,2022,1,2,February,18,4
2022-02-21 00:00:00,20220221,2022,1,2,February,21,0
2022-02-22 00:00:00,20220222,2022,1,2,February,22,1
2022-02-23 00:00:00,20220223,2022,1,2,February,23,2
2022-02-24 00:00:00,20220224,2022,1,2,February,24,3
2022-02-25 00:00:00,20220225,2022,1,2,February,25,4
2022-02-28 00:00:00,20220228,2022,1,2,February,28,0
2022-03-01 00:00:00,20220301,2022,1,3,March,1,1
2022-03-02 00:00:00,20220302,2022,1,3,March,2,2
2022-03-03 00:00:00,20220303,2022,1,3,March,3,3
2022-03-04 00:00:00,20220304,2022,1,3,March,4,4
2022-03-07 00:00:00,20220307,2022,1,3,March,7,0
2022-03-08 00:00:00,20220308,2022,1,3,March,8,1
2022-03-09 00:00:00,20220309,2022,1,3,March,9,2
2022-03-10 00:00:00,20220310,2022,1,3,March,10,3
2022-03-11 00:00:00,20220311,2022,1,3,March,11,4
2022-03-14 00:00:00,20220314,2022,1,3,March,14,0
2022-03-15 00:00:00,20220315,2022,1,3,March,15,1
2022-03-16 00:00:00,20220316,2022,1,3,March,16,2
2022-03-17 00:00:00,20220317,2022,1,3,March,17,3
2022-03-18 00:00:00,20220318,2022,1,3,March,18,4
2022-03-21 00:00:00,20220321,2022,1,3,March,21,0
2022-03-22 00:00:00,20220322,2022,1,3,March,22,1
2022-03-23 00:00:00,20220323,2022,1,3,March,23,2
2022-03-24 00:00:00,20220324,2022,1,3,March,24,3
2022-03-25 00:00:00,20220325,2022,1,3,March,25,4
2022-03-28 00:00:00,20220328,2022,1,3,March,28,0
2022-03-29 00:00:00,20220329,2022,1,3,March,29,1
2022-03-30 00:00:00,20220330,2022,1,3,March,30,2
2022-03-31 00:00:00,20220331,2022,1,3,March,31,3
2022-04-01 00:00:00,20220401,2022,2,4,April,1,4
2022-04-04 00:00:00,20220404,2022,2,4,April,4,0
2022-04-05 00:00:00,20220405,2022,2,4,April,5,1
2022-04-06 00:00:00,20220406,2022,2,4,April,6,2
2022-04-07 00:00:00,20220407,2022,2,4,April,7,3
2022-04-08 00:00:00,20220408,2022,2,4,April,8,4
2022-04-11 00:00:00,20220411,2022,2,4,April,11,0
2022-04-12 00:00:00,20220412,2022,2,4,April,12,1
2022-04-13 00:00:00,20220413,2022,2,4,April,13,2
2022-04-14 00:00:00,20220414,2022,2,4,April,14,3
2022-04-15 00:00:00,20220415,2022,2,4,April,15,4
2022-04-18 00:00:00,20220418,2022,2,4,April,18,0
2022-04-19 00:00:00,20220419,2022,2,4,April,19,1
2022-04-20 00:00:00,20220420,2022,2,4,April,20,2
2022-04-21 00:00:00,20220421,2022,2,4,April,21,3
2022-04-22 00:00:00,20220422,2022,2,4,April,22,4
2022-04-25 00:00:00,20220425,2022,2,4,April,25,0
2022-04-26 00:00:00,20220426,2022,2,4,April,26,1
2022-04-27 00:00:00,20220427,2022,2,4,April,27,2
2022-04-28 00:00:00,20220428,2022,2,4,April,28,3
2022-04-29 00:00:00,20220429,2022,2,4,April,29,4
2022-05-02 00:00:00,20220502,2022,2,5,May,2,0
2022-05-03 00:00:00,20220503,2022,2,5,May,3,1
2022-05-04 00:00:00,20220504,2022,2,5,May,4,2
2022-05-05 00:00:00,20220505,2022,2,5,May,5,3
2022-05-06 00:00:00,20220506,2022,2,5,May,6,4
2022-05-09 00:00:00,20220509,2022,2,5,May,9,0
2022-05-10 00:00:00,20220510,2022,2,5,May,10,1
2022-05-11 00:00:00,20220511,2022,2,5,May,11,2
2022-05-12 00:00:00,20220512,2022,2,5,May,12,3
2022-05-13 00:00:00,20220513,2022,2,5,May,13,4
2022-05-16 00:00:00,20220516,2022,2,5,May,16,0
2022-05-17 00:00:00,20220517,2022,2,5,May,17,1
2022-05-18 00:00:00,20220518,2022,2,5,May,18,2
2022-05-19 00:00:00,20220519,2022,2,5,May,19,3
2022-05-20 00:00:00,20220520,2022,2,5,May,20,4
2022-05-23 00:00:00,20220523,2022,2,5,May,23,0
2022-05-24 00:00:00,20220524,2022,2,5,May,24,1
2022-05-25 00:00:00,20220525,2022,2,5,May,25,2
2022-05-26 00:00:00,20220526,2022,2,5,May,26,3
2022-05-27 00:00:00,20220527,2022,2,5,May,27,4
2022-05-30 00:00:00,20220530,2022,2,5,May,30,0
2022-05-31 00:00:00,20220531,2022,2,5,May,31,1
2022-06-01 00:00:00,20220601,2022,2,6,June,1,2
2022-06-02 00:00:00,20220602,2022,2,6,June,2,3
2022-06-03 00:00:00,20220603,2022,2,6,June,3,4
2022-06-06 00:00:00,20220606,2022,2,6,June,6,0
2022-06-07 00:00:00,20220607,2022,2,6,June,7,1
2022-06-08 00:00:00,20220608,2022,2,6,June,8,2
2022-06-09 00:00:00,20220609,2022,2,6,June,9,3
2022-06-10 00:00:00,20220610,2022,2,6,June,10,4
2022-06-13 00:00:00,20220613,2022,2,6,June,13,0
2022-06-14 00:00:00,20220614,2022,2,6,June,14,1
2022-06-15 00:00:00,20220615,2022,2,6,June,15,2
2022-06-16 00:00:00,20220616,2022,2,6,June,16,3
2022-06-17 00:00:00,20220617,2022,2,6,June,17,4
2022-06-20 00:00:00,20220620,2022,2,6,June,20,0
2022-06-21 00:00:00,20220621,2022,2,6,June,21,1
2022-06-22 00:00:00,20220622,2022,2,6,June,22,2
2022-06-23 00:00:00,20220623,2022,2,6,June,23,3
2022-06-24 00:00:00,20220624,2022,2,6,June,24,4
2022-06-27 00:00:00,20220627,2022,2,6,June,27,0
2022-06-28 00:00:00,20220628,2022,2,6,June,28,1
2022-06-29 00:00:00,20220629,2022,2,6,June,29,2
2022-06-30 00:00:00,20220630,2022,2,6,June,30,3
2022-07-01 00:00:00,20220701,2022,3,7,July,1,4
2022-07-04 00:00:00,20220704,2022,3,7,July,4,0
2022-07-05 00:00:00,20220705,2022,3,7,July,5,1
2022-07-06 00:00:00,20220706,2022,3,7,July,6,2
2022-07-07 00:00:00,20220707,2022,3,7,July,7,3
2022-07-08 00:00:00,20220708,2022,3,7,July,8,4
2022-07-11 00:00:00,20220711,2022,3,7,July,11,0
2022-07-12 00:00:00,20220712,2022,3,7,July,12,1
2022-07-13 00:00:00,20220713,2022,3,7,July,13,2
2022-07-14 00:00:00,20220714,2022,3,7,July,14,3
2022-07-15 00:00:00,20220715,2022,3,7,July,15,4
2022-07-18 00:00:00,20220718,2022,3,7,July,18,0
2022-07-19 00:00:00,20220719,2022,3,7,July,19,1
2022-07-20 00:00:00,20220720,2022,3,7,July,20,2
2022-07-21 00:00:00,20220721,2022,3,7,July,21,3
2022-07-22 00:00:00,20220722,2022,3,7,July,22,4
2022-07-25 00:00:00,20220725,2022,3,7,July,25,0
2022-07-26 00:00:00,20220726,2022,3,7,July,26,1
2022-07-27 00:00:00,20220727,2022,3,7,July,27,2
2022-07-28 00:00:00,20220728,2022,3,7,July,28,3
2022-07-29 00:00:00,20220729,2022,3,7,July,29,4
2022-08-01 00:00:00,20220801,2022,3,8,August,1,0
2022-08-02 00:00:00,20220802,2022,3,8,August,2,1
2022-08-03 00:00:00,20220803,2022,3,8,August,3,2
2022-08-04 00:00:00,20220804,2022,3,8,August,4,3
2022-08-05 00:00:00,20220805,2022,3,8,August,5,4
2022-08-08 00:00:00,20220808,2022,3,8,August,8,0
2022-08-09 00:00:00,20220809,2022,3,8,August,9,1
2022-08-10 00:00:00,20220810,2022,3,8,August,10,2
2022-08-11 00:00:00,20220811,2022,3,8,August,11,3
2022-08-12 00:00:00,20220812,2022,3,8,August,12,4
2022-08-15 00:00:00,20220815,2022,3,8,August,15,0
2022-08-16 00:00:00,20220816,2022,3,8,August,16,1
2022-08-17 00:00:00,20220817,2022,3,8,August,17,2
2022-08-18 00:00:00,20220818,2022,3,8,August,18,3
2022-08-19 00:00:00,20220819,2022,3,8,August,19,4
2022-08-22 00:00:00,20220822,2022,3,8,August,22,0
2022-08-23 00:00:00,20220823,2022,3,8,August,23,1
2022-08-24 00:00:00,20220824,2022,3,8,August,24,2
2022-08-25 00:00:00,20220825,2022,3,8,August,25,3
2022-08-26 00:00:00,20220826,2022,3,8,August,26,4
2022-08-29 00:00:00,20220829,2022,3,8,August,29,0
2022-08-30 00:00:00,20220830,2022,3,8,August,30,1
2022-08-31 00:00:00,20220831,2022,3,8,August,31,2
2022-09-01 00:00:00,20220901,2022,3,9,September,1,3
2022-09-02 00:00:00,20220902,2022,3,9,September,2,4
2022-09-05 00:00:00,20220905,2022,3,9,September,5,0
2022-09-06 00:00:00,20220906,2022,3,9,September,6,1
2022-09-07 00:00:00,20220907,2022,3,9,September,7,2
2022-09-08 00:00:00,20220908,2022,3,9,September,8,3
2022-09-09 00:00:00,20220909,2022,3,9,September,9,4
2022-09-12 00:00:00,20220912,2022,3,9,September,12,0
2022-09-13 00:00:00,20220913,2022,3,9,September,13,1
2022-09-14 00:00:00,20220914,2022,3,9,September,14,2
2022-09-15 00:00:00,20220915,2022,3,9,September,15,3
2022-09-16 00:00:00,20220916,2022,3,9,September,16,4
2022-09-19 00:00:00,20220919,2022,3,9,September,19,0
2022-09-20 00:00:00,20220920,2022,3,9,September,20,1
2022-09-21 00:00:00,20220921,2022,3,9,September,21,2
2022-09-22 00:00:00,20220922,2022,3,9,September,22,3
2022-09-23 00:00:00,20220923,2022,3,9,September,23,4
2022-09-26 00:00:00,20220926,2022,3,9,September,26,0
2022-09-27 00:00:00,20220927,2022,3,9,September,27,1
2022-09-28 00:00:00,20220928,2022,3,9,September,28,2
2022-09-29 00:00:00,20220929,2022,3,9,September,29,3
2022-09-30 00:00:00,20220930,2022,3,9,September,30,4
2022-10-03 00:00:00,20221003,2022,4,10,October,3,0
2022-10-04 00:00:00,20221004,2022,4,10,October,4,1
2022-10-05 00:00:00,20221005,2022,4,10,October,5,2
2022-10-06 00:00:00,20221006,2022,4,10,October,6,3
2022-10-07 00:00:00,20221007,2022,4,10,October,7,4
2022-10-10 00:00:00,20221010,2022,4,10,October,10,0
2022-10-11 00:00:00,20221011,2022,4,10,October,11,1
2022-10-12 00:00:00,20221012,2022,4,10,October,12,2
2022-10-13 00:00:00,20221013,2022,4,10,October,13,3
2022-10-14 00:00:00,20221014,2022,4,10,October,14,4
2022-10-17 00:00:00,20221017,2022,4,10,October,17,0
2022-10-18 00:00:00,20221018,2022,4,10,October,18,1
2022-10-19 00:00:00,20221019,2022,4,10,October,19,2
2022-10-20 00:00:00,20221020,2022,4,10,October,20,3
2022-10-21 00:00:00,20221021,2022,4,10,October,21,4
2022-10-24 00:00:00,20221024,2022,4,10,October,24,0
2022-10-25 00:00:00,20221025,2022,4,10,October,25,1
2022-10-26 00:00:00,20221026,2022,4,10,October,26,2
2022-10-27 00:00:00,20221027,2022,4,10,October,27,3
2022-10-28 00:00:00,20221028,2022,4,10,October,28,4
2022-10-31 00:00:00,20221031,2022,4,10,October,31,0
2022-11-01 00:00:00,20221101,2022,4,11,November,1,1
2022-11-02 00:00:00,20221102,2022,4,11,November,2,2
2022-11-03 00:00:00,20221103,2022,4,11,November,3,3
2022-11-04 00:00:00,20221104,2022,4,11,November,4,4
2022-11-07 00:00:00,20221107,2022,4,11,November,7,0
2022-11-08 00:00:00,20221108,2022,4,11,November,8,1
2022-11-09 00:00:00,20221109,2022,4,11,November,9,2
2022-11-10 00:00:00,20221110,2022,4,11,November,10,3
2022-11-11 00:00:00,20221111,2022,4,11,November,11,4
2022-11-14 00:00:00,20221114,2022,4,11,November,14,0
2022-11-15 00:00:00,20221115,2022,4,11,November,15,1
2022-11-16 00:00:00,20221116,2022,4,11,November,16,2
2022-11-17 00:00:00,20221117,2022,4,11,November,17,3
2022-11-18 00:00:00,20221118,2022,4,11,November,18,4
2022-11-21 00:00:00,20221121,2022,4,11,November,21,0
2022-11-22 00:00:00,20221122,2022,4,11,November,22,1
2022-11-23 00:00:00,20221123,2022,4,11,November,23,2
2022-11-24 00:00:00,20221124,2022,4,11,November,24,3
2022-11-25 00:00:00,20221125,2022,4,11,November,25,4
2022-11-28 00:00:00,20221128,2022,4,11,November,28,0
2022-11-29 00:00:00,20221129,2022,4,11,November,29,1
2022-11-30 00:00:00,20221130,2022,4,11,November,30,2
2022-12-01 00:00:00,20221201,2022,4,12,December,1,3
2022-12-02 00:00:00,20221202,2022,4,12,December,2,4
2022-12-05 00:00:00,20221205,2022,4,12,December,5,0
2022-12-06 00:00:00,20221206,2022,4,12,December,6,1
2022-12-07 00:00:00,20221207,2022,4,12,December,7,2
2022-12-08 00:00:00,20221208,2022,4,12,December,8,3
2022-12-09 00:00:00,20221209,2022,4,12,December,9,4
2022-12-12 00:00:00,20221212,2022,4,12,December,12,0
2022-12-13 00:00:00,20221213,2022,4,12,December,13,1
2022-12-14 00:00:00,20221214,2022,4,12,December,14,2
2022-12-15 00:00:00,20221215,2022,4,12,December,15,3
2022-12-16 00:00:00,20221216,2022,4,12,December,16,4
2022-12-19 00:00:00,20221219,2022,4,12,December,19,0
2022-12-20 00:00:00,20221220,2022,4,12,December,20,1
2022-12-21 00:00:00,20221221,2022,4,12,December,21,2
2022-12-22 00:00:00,20221222,2022,4,12,December,22,3
2022-12-23 00:00:00,20221223,2022,4,12,December,23,4
2022-12-26 00:00:00,20221226,2022,4,12,December,26,0
2022-12-27 00:00:00,20221227,2022,4,12,December,27,1
2022-12-28 00:00:00,20221228,2022,4,12,December,28,2
2022-12-29 00:00:00,20221229,2022,4,12,December,29,3
2022-12-30 00:00:00,20221230,2022,4,12,December,30,4
2023-01-02 00:00:00,20230102,2023,1,1,January,2,0
2023-01-03 00:00:00,20230103,2023,1,1,January,3,1
2023-01-04 00:00:00,20230104,2023,1,1,January,4,2
2023-01-05 00:00:00,20230105,2023,1,1,January,5,3
2023-01-06 00:00:00,20230106,2023,1,1,January,6,4
2023-01-09 00:00:00,20230109,2023,1,1,January,9,0
2023-01-10 00:00:00,20230110,2023,1,1,January,10,1
2023-01-11 00:00:00,20230111,2023,1,1,January,11,2
2023-01-12 00:00:00,20230112,2023,1,1,January,12,3
2023-01-13 00:00:00,20230113,2023,1,1,January,13,4
2023-01-16 00:00:00,20230116,2023,1,1,January,16,0
2023-01-17 00:00:00,20230117,2023,1,1,January,17,1
2023-01-18 00:00:00,20230118,2023,1,1,January,18,2
2023-01-19 00:00:00,20230119,2023,1,1,January,19,3
2023-01-20 00:00:00,20230120,2023,1,1,January,20,4
2023-01-23 00:00:00,20230123,2023,1,1,January,23,0
2023-01-24 00:00:00,20230124,2023,1,1,January,24,1
2023-01-25 00:00:00,20230125,2023,1,1,January,25,2
2023-01-26 00:00:00,20230126,2023,1,1,January,26,3
2023-01-27 00:00:00,20230127,2023,1,1,January,27,4
2023-01-30 00:00:00,20230130,2023,1,1,January,30,0
2023-01-31 00:00:00,20230131,2023,1,1,January,31,1
2023-02-01 00:00:00,20230201,2023,1,2,February,1,2
2023-02-02 00:00:00,20230202,2023,1,2,February,2,3
2023-02-03 00:00:00,20230203,2023,1,2,February,3,4
2023-02-06 00:00:00,20230206,2023,1,2,February,6,0
2023-02-07 00:00:00,20230207,2023,1,2,February,7,1
2023-02-08 00:00:00,20230208,2023,1,2,February,8,2
2023-02-09 00:00:00,20230209,2023,1,2,February,9,3
2023-02-10 00:00:00,20230210,2023,1,2,February,10,4
2023-02-13 00:00:00,20230213,2023,1,2,February,13,0
2023-02-14 00:00:00,20230214,2023,1,2,February,14,1
2023-02-15 00:00:00,20230215,2023,1,2,February,15,2
2023-02-16 00:00:00,20230216,2023,1,2,February,16,3
2023-02-17 00:00:00,20230217,2023,1,2,February,17,4
2023-02-20 00:00:00,20230220,2023,1,2,February,20,0
2023-02-21 00:00:00,20230221,2023,1,2,February,21,1
2023-02-22 00:00:00,20230222,2023,1,2,February,22,2
2023-02-23 00:00:00,20230223,2023,1,2,February,23,3
2023-02-24 00:00:00,20230224,2023,1,2,February,24,4
2023-02-27 00:00:00,20230227,2023,1,2,February,27,0
2023-02-28 00:00:00,20230228,2023,1,2,February,28,1
2023-03-01 00:00:00,20230301,2023,1,3,March,1,2
2023-03-02 00:00:00,20230302,2023,1,3,March,2,3
2023-03-03 00:00:00,20230303,2023,1,3,March,3,4
2023-03-06 00:00:00,20230306,2023,1,3,March,6,0
2023-03-07 00:00:00,20230307,2023,1,3,March,7,1
2023-03-08 00:00:00,20230308,2023,1,3,March,8,2
2023-03-09 00:00:00,20230309,2023,1,3,March,9,3
2023-03-10 00:00:00,20230310,2023,1,3,March,10,4
2023-03-13 00:00:00,20230313,2023,1,3,March,13,0
2023-03-14 00:00:00,20230314,2023,1,3,March,14,1
2023-03-15 00:00:00,20230315,2023,1,3,March,15,2
2023-03-16 00:00:00,20230316,2023,1,3,March,16,3
2023-03-17 00:00:00,20230317,2023,1,3,March,17,4
2023-03-20 00:00:00,20230320,2023,1,3,March,20,0
2023-03-21 00:00:00,20230321,2023,1,3,March,21,1
2023-03-22 00:00:00,20230322,2023,1,3,March,22,2
2023-03-23 00:00:00,20230323,2023,1,3,March,23,3
2023-03-24 00:00:00,20230324,2023,1,3,March,24,4
2023-03-27 00:00:00,20230327,2023,1,3,March,27,0
2023-03-28 00:00:00,20230328,2023,1,3,March,28,1
2023-03-29 00:00:00,20230329,2023,1,3,March,29,2
2023-03-30 00:00:00,20230330,2023,1,3,March,30,3
2023-03-31 00:00:00,20230331,2023,1,3,March,31,4
2023-04-03 00:00:00,20230403,2023,2,4,April,3,0
2023-04-04 00:00:00,20230404,2023,2,4,April,4,1
2023-04-05 00:00:00,20230405,2023,2,4,April,5,2
2023-04-06 00:00:00,20230406,2023,2,4,April,6,3
2023-04-07 00:00:00,20230407,2023,2,4,April,7,4
2023-04-10 00:00:00,20230410,2023,2,4,April,10,0
2023-04-11 00:00:00,20230411,2023,2,4,April,11,1
2023-04-12 00:00:00,20230412,2023,2,4,April,12,2
2023-04-13 00:00:00,20230413,2023,2,4,April,13,3
2023-04-14 00:00:00,20230414,2023,2,4,April,14,4
2023-04-17 00:00:00,20230417,2023,2,4,April,17,0
2023-04-18 00:00:00,20230418,2023,2,4,April,18,1
2023-04-19 00:00:00,20230419,2023,2,4,April,19,2
2023-04-20 00:00:00,20230420,2023,2,4,April,20,3
2023-04-21 00:00:00,20230421,2023,2,4,April,21,4
2023-04-24 00:00:00,20230424,2023,2,4,April,24,0
2023-04-25 00:00:00,20230425,2023,2,4,April,25,1
2023-04-26 00:00:00,20230426,2023,2,4,April,26,2
2023-04-27 00:00:00,20230427,2023,2,4,April,27,3
2023-04-28 00:00:00,20230428,2023,2,4,April,28,4
2023-05-01 00:00:00,20230501,2023,2,5,May,1,0
2023-05-02 00:00:00,20230502,2023,2,5,May,2,1
2023-05-03 00:00:00,20230503,2023,2,5,May,3,2
2023-05-04 00:00:00,20230504,2023,2,5,May,4,3
2023-05-05 00:00:00,20230505,2023,2,5,May,5,4
2023-05-08 00:00:00,20230508,2023,2,5,May,8,0
2023-05-09 00:00:00,20230509,2023,2,5,May,9,1
2023-05-10 00:00:00,20230510,2023,2,5,May,10,2
2023-05-11 00:00:00,20230511,2023,2,5,May,11,3
2023-05-12 00:00:00,20230512,2023,2,5,May,12,4
2023-05-15 00:00:00,20230515,2023,2,5,May,15,0
2023-05-16 00:00:00,20230516,2023,2,5,May,16,1
2023-05-17 00:00:00,20230517,2023,2,5,May,17,2
2023-05-18 00:00:00,20230518,2023,2,5,May,18,3
2023-05-19 00:00:00,20230519,2023,2,5,May,19,4
2023-05-22 00:00:00,20230522,2023,2,5,May,22,0
2023-05-23 00:00:00,20230523,2023,2,5,May,23,1
2023-05-24 00:00:00,20230524,2023,2,5,May,24,2
2023-05-25 00:00:00,20230525,2023,2,5,May,25,3
2023-05-26 00:00:00,20230526,2023,2,5,May,26,4
2023-05-29 00:00:00,20230529,2023,2,5,May,29,0
2023-05-30 00:00:00,20230530,2023,2,5,May,30,1
2023-05-31 00:00:00,20230531,2023,2,5,May,31,2
2023-06-01 00:00:00,20230601,2023,2,6,June,1,3
2023-06-02 00:00:00,20230602,2023,2,6,June,2,4
2023-06-05 00:00:00,20230605,2023,2,6,June,5,0
2023-06-06 00:00:00,20230606,2023,2,6,June,6,1
2023-06-07 00:00:00,20230607,2023,2,6,June,7,2
2023-06-08 00:00:00,20230608,2023,2,6,June,8,3
2023-06-09 00:00:00,20230609,2023,2,6,June,9,4
2023-06-12 00:00:00,20230612,2023,2,6,June,12,0
2023-06-13 00:00:00,20230613,2023,2,6,June,13,1
2023-06-14 00:00:00,20230614,2023,2,6,June,14,2
2023-06-15 00:00:00,20230615,2023,2,6,June,15,3
2023-06-16 00:00:00,20230616,2023,2,6,June,16,4
2023-06-19 00:00:00,20230619,2023,2,6,June,19,0
2023-06-20 00:00:00,20230620,2023,2,6,June,20,1
2023-06-21 00:00:00,20230621,2023,2,6,June,21,2
2023-06-22 00:00:00,20230622,2023,2,6,June,22,3
2023-06-23 00:00:00,20230623,2023,2,6,June,23,4
2023-06-26 00:00:00,20230626,2023,2,6,June,26,0
2023-06-27 00:00:00,20230627,2023,2,6,June,27,1
2023-06-28 00:00:00,20230628,2023,2,6,June,28,2
2023-06-29 00:00:00,20230629,2023,2,6,June,29,3
2023-06-30 00:00:00,20230630,2023,2,6,June,30,4
2023-07-03 00:00:00,20230703,2023,3,7,July,3,0
2023-07-04 00:00:00,20230704,2023,3,7,July,4,1
2023-07-05 00:00:00,20230705,2023,3,7,July,5,2
2023-07-06 00:00:00,20230706,2023,3,7,July,6,3
2023-07-07 00:00:00,20230707,2023,3,7,July,7,4
2023-07-10 00:00:00,20230710,2023,3,7,July,10,0
2023-07-11 00:00:00,20230711,2023,3,7,July,11,1
2023-07-12 00:00:00,20230712,2023,3,7,July,12,2
2023-07-13 00:00:00,20230713,2023,3,7,July,13,3
2023-07-14 00:00:00,20230714,2023,3,7,July,14,4
2023-07-17 00:00:00,20230717,2023,3,7,July,17,0
2023-07-18 00:00:00,20230718,2023,3,7,July,18,1
2023-07-19 00:00:00,20230719,2023,3,7,July,19,2
2023-07-20 00:00:00,20230720,2023,3,7,July,20,3
2023-07-21 00:00:00,20230721,2023,3,7,July,21,4
2023-07-24 00:00:00,20230724,2023,3,7,July,24,0
2023-07-25 00:00:00,20230725,2023,3,7,July,25,1
2023-07-26 00:00:00,20230726,2023,3,7,July,26,2
2023-07-27 00:00:00,20230727,2023,3,7,July,27,3
2023-07-28 00:00:00,20230728,2023,3,7,July,28,4
2023-07-31 00:00:00,20230731,2023,3,7,July,31,0
2023-08-01 00:00:00,20230801,2023,3,8,August,1,1
2023-08-02 00:00:00,20230802,2023,3,8,August,2,2
2023-08-03 00:00:00,20230803,2023,3,8,August,3,3
2023-08-04 00:00:00,20230804,2023,3,8,August,4,4
2023-08-07 00:00:00,20230807,2023,3,8,August,7,0
2023-08-08 00:00:00,20230808,2023,3,8,August,8,1
2023-08-09 00:00:00,20230809,2023,3,8,August,9,2
2023-08-10 00:00:00,20230810,2023,3,8,August,10,3
2023-08-11 00:00:00,20230811,2023,3,8,August,11,4
2023-08-14 00:00:00,20230814,2023,3,8,August,14,0
2023-08-15 00:00:00,20230815,2023,3,8,August,15,1
2023-08-16 00:00:00,20230816,2023,3,8,August,16,2
2023-08-17 00:00:00,20230817,2023,3,8,August,17,3
2023-08-18 00:00:00,20230818,2023,3,8,August,18,4
2023-08-21 00:00:00,20230821,2023,3,8,August,21,0
2023-08-22 00:00:00,20230822,2023,3,8,August,22,1
2023-08-23 00:00:00,20230823,2023,3,8,August,23,2
2023-08-24 00:00:00,20230824,2023,3,8,August,24,3
2023-08-25 00:00:00,20230825,2023,3,8,August,25,4
2023-08-28 00:00:00,20230828,2023,3,8,August,28,0
2023-08-29 00:00:00,20230829,2023,3,8,August,29,1
2023-08-30 00:00:00,20230830,2023,3,8,August,30,2
2023-08-31 00:00:00,20230831,2023,3,8,August,31,3
2023-09-01 00:00:00,20230901,2023,3,9,September,1,4
2023-09-04 00:00:00,20230904,2023,3,9,September,4,0
2023-09-05 00:00:00,20230905,2023,3,9,September,5,1
2023-09-06 00:00:00,20230906,2023,3,9,September,6,2
2023-09-07 00:00:00,20230907,2023,3,9,September,7,3
2023-09-08 00:00:00,20230908,2023,3,9,September,8,4
2023-09-11 00:00:00,20230911,2023,3,9,September,11,0
2023-09-12 00:00:00,20230912,2023,3,9,September,12,1
2023-09-13 00:00:00,20230913,2023,3,9,September,13,2
2023-09-14 00:00:00,20230914,2023,3,9,September,14,3
2023-09-15 00:00:00,20230915,2023,3,9,September,15,4
2023-09-18 00:00:00,20230918,2023,3,9,September,18,0
2023-09-19 00:00:00,20230919,2023,3,9,September,19,1
2023-09-20 00:00:00,20230920,2023,3,9,September,20,2
2023-09-21 00:00:00,20230921,2023,3,9,September,21,3
2023-09-22 00:00:00,20230922,2023,3,9,September,22,4
2023-09-25 00:00:00,20230925,2023,3,9,September,25,0
2023-09-26 00:00:00,20230926,2023,3,9,September,26,1
2023-09-27 00:00:00,20230927,2023,3,9,September,27,2
2023-09-28 00:00:00,20230928,2023,3,9,September,28,3
2023-09-29 00:00:00,20230929,2023,3,9,September,29,4
2023-10-02 00:00:00,20231002,2023,4,10,October,2,0
2023-10-03 00:00:00,20231003,2023,4,10,October,3,1
2023-10-04 00:00:00,20231004,2023,4,10,October,4,2
2023-10-05 00:00:00,20231005,2023,4,10,October,5,3
2023-10-06 00:00:00,20231006,2023,4,10,October,6,4
2023-10-09 00:00:00,20231009,2023,4,10,October,9,0
2023-10-10 00:00:00,20231010,2023,4,10,October,10,1
2023-10-11 00:00:00,20231011,2023,4,10,October,11,2
2023-10-12 00:00:00,20231012,2023,4,10,October,12,3
2023-10-13 00:00:00,20231013,2023,4,10,October,13,4
2023-10-16 00:00:00,20231016,2023,4,10,October,16,0
2023-10-17 00:00:00,20231017,2023,4,10,October,17,1
2023-10-18 00:00:00,20231018,2023,4,10,October,18,2
2023-10-19 00:00:00,20231019,2023,4,10,October,19,3
2023-10-20 00:00:00,20231020,2023,4,10,October,20,4
2023-10-23 00:00:00,20231023,2023,4,10,October,23,0
2023-10-24 00:00:00,20231024,2023,4,10,October,24,1
2023-10-25 00:00:00,20231025,2023,4,10,October,25,2
2023-10-26 00:00:00,20231026,2023,4,10,October,26,3
2023-10-27 00:00:00,20231027,2023,4,10,October,27,4
2023-10-30 00:00:00,20231030,2023,4,10,October,30,0
2023-10-31 00:00:00,20231031,2023,4,10,October,31,1
2023-11-01 00:00:00,20231101,2023,4,11,November,1,2
2023-11-02 00:00:00,20231102,2023,4,11,November,2,3
2023-11-03 00:00:00,20231103,2023,4,11,November,3,4
2023-11-06 00:00:00,20231106,2023,4,11,November,6,0
2023-11-07 00:00:00,20231107,2023,4,11,November,7,1
2023-11-08 00:00:00,20231108,2023,4,11,November,8,2
2023-11-09 00:00:00,20231109,2023,4,11,November,9,3
2023-11-10 00:00:00,20231110,2023,4,11,November,10,4
2023-11-13 00:00:00,20231113,2023,4,11,November,13,0
2023-11-14 00:00:00,20231114,2023,4,11,November,14,1
2023-11-15 00:00:00,20231115,2023,4,11,November,15,2
2023-11-16 00:00:00,20231116,2023,4,11,November,16,3
2023-11-17 00:00:00,20231117,2023,4,11,November,17,4
2023-11-20 00:00:00,20231120,2023,4,11,November,20,0
2023-11-21 00:00:00,20231121,2023,4,11,November,21,1
2023-11-22 00:00:00,20231122,2023,4,11,November,22,2
2023-11-23 00:00:00,20231123,2023,4,11,November,23,3
2023-11-24 00:00:00,20231124,2023,4,11,November,24,4
2023-11-27 00:00:00,20231127,2023,4,11,November,27,0
2023-11-28 00:00:00,20231128,2023,4,11,November,28,1
2023-11-29 00:00:00,20231129,2023,4,11,November,29,2
2023-11-30 00:00:00,20231130,2023,4,11,November,30,3
2023-12-01 00:00:00,20231201,2023,4,12,December,1,4
2023-12-04 00:00:00,20231204,2023,4,12,December,4,0
2023-12-05 00:00:00,20231205,2023,4,12,December,5,1
2023-12-06 00:00:00,20231206,2023,4,12,December,6,2
2023-12-07 00:00:00,20231207,2023,4,12,December,7,3
2023-12-08 00:00:00,20231208,2023,4,12,December,8,4
2023-12-11 00:00:00,20231211,2023,4,12,December,11,0
2023-12-12 00:00:00,20231212,2023,4,12,December,12,1
2023-12-13 00:00:00,20231213,2023,4,12,December,13,2
2023-12-14 00:00:00,20231214,2023,4,12,December,14,3
2023-12-15 00:00:00,20231215,2023,4,12,December,15,4
2023-12-18 00:00:00,20231218,2023,4,12,December,18,0
2023-12-19 00:00:00,20231219,2023,4,12,December,19,1
2023-12-20 00:00:00,20231220,2023,4,12,December,20,2
2023-12-21 00:00:00,20231221,2023,4,12,December,21,3
2023-12-22 00:00:00,20231222,2023,4,12,December,22,4
2023-12-25 00:00:00,20231225,2023,4,12,December,25,0
2023-12-26 00:00:00,20231226,2023,4,12,December,26,1
2023-12-27 00:00:00,20231227,2023,4,12,December,27,2
2023-12-28 00:00:00,20231228,2023,4,12,December,28,3
2023-12-29 00:00:00,20231229,2023,4,12,December,29,4
2024-01-01 00:00:00,20240101,2024,1,1,January,1,0
2024-01-02 00:00:00,20240102,2024,1,1,January,2,1
2024-01-03 00:00:00,20240103,2024,1,1,January,3,2
2024-01-04 00:00:00,20240104,2024,1,1,January,4,3
2024-01-05 00:00:00,20240105,2024,1,1,January,5,4
2024-01-06 00:00:00,20240106,2024,1,1,January,6,5
2024-01-07 00:00:00,20240107,2024,1,1,January,7,6
2024-01-08 00:00:00,20240108,2024,1,1,January,8,0
2024-01-09 00:00:00,20240109,2024,1,1,January,9,1
2024-01-10 00:00:00,20240110,2024,1,1,January,10,2
2024-01-11 00:00:00,20240111,2024,1,1,January,11,3
2024-01-12 00:00:00,20240112,2024,1,1,January,12,4
2024-01-13 00:00:00,20240113,2024,1,1,January,13,5
2024-01-14 00:00:00,20240114,2024,1,1,January,14,6
2024-01-15 00:00:00,20240115,2024,1,1,January,15,0
2024-01-16 00:00:00,20240116,2024,1,1,January,16,1
2024-01-17 00:00:00,20240117,2024,1,1,January,17,2
2024-01-18 00:00:00,20240118,2024,1,1,January,18,3
2024-01-19 00:00:00,20240119,2024,1,1,January,19,4
2024-01-20 00:00:00,20240120,2024,1,1,January,20,5
2024-01-21 00:00:00,20240121,2024,1,1,January,21,6
2024-01-22 00:00:00,20240122,2024,1,1,January,22,0
2024-01-23 00:00:00,20240123,2024,1,1,January,23,1
2024-01-24 00:00:00,20240124,2024,1,1,January,24,2
2024-01-25 00:00:00,20240125,2024,1,1,January,25,3
2024-01-26 00:00:00,20240126,2024,1,1,January,26,4
2024-01-27 00:00:00,20240127,2024,1,1,January,27,5
2024-01-28 00:00:00,20240128,2024,1,1,January,28,6
2024-01-29 00:00:00,20240129,2024,1,1,January,29,0
2024-01-30 00:00:00,20240130,2024,1,1,January,30,1
2024-01-31 00:00:00,20240131,2024,1,1,January,31,2
2024-02-01 00:00:00,20240201,2024,1,2,February,1,3
2024-02-02 00:00:00,20240202,2024,1,2,February,2,4
2024-02-03 00:00:00,20240203,2024,1,2,February,3,5
2024-02-04 00:00:00,20240204,2024,1,2,February,4,6
2024-02-05 00:00:00,20240205,2024,1,2,February,5,0
2024-02-06 00:00:00,20240206,2024,1,2,February,6,1
2024-02-07 00:00:00,20240207,2024,1,2,February,7,2
2024-02-08 00:00:00,20240208,2024,1,2,February,8,3
2024-02-09 00:00:00,20240209,2024,1,2,February,9,4
2024-02-10 00:00:00,20240210,2024,1,2,February,10,5
2024-02-11 00:00:00,20240211,2024,1,2,February,11,6
2024-02-12 00:00:00,20240212,2024,1,2,February,12,0
2024-02-13 00:00:00,20240213,2024,1,2,February,13,1
2024-02-14 00:00:00,20240214,2024,1,2,February,14,2
2024-02-15 00:00:00,20240215,2024,1,2,February,15,3
2024-02-16 00:00:00,20240216,2024,1,2,February,16,4
2024-02-17 00:00:00,20240217,2024,1,2,February,17,5
2024-02-18 00:00:00,20240218,2024,1,2,February,18,6
2024-02-19 00:00:00,20240219,2024,1,2,February,19,0
2024-02-20 00:00:00,20240220,2024,1,2,February,20,1
2024-02-21 00:00:00,20240221,2024,1,2,February,21,2
2024-02-22 00:00:00,20240222,2024,1,2,February,22,3
2024-02-23 00:00:00,20240223,2024,1,2,February,23,4
2024-02-24 00:00:00,20240224,2024,1,2,February,24,5
2024-02-25 00:00:00,20240225,2024,1,2,February,25,6
2024-02-26 00:00:00,20240226,2024,1,2,February,26,0
2024-02-27 00:00:00,20240227,2024,1,2,February,27,1
2024-02-28 00:00:00,20240228,2024,1,2,February,28,2
2024-02-29 00:00:00,20240229,2024,1,2,February,29,3
2024-03-01 00:00:00,20240301,2024,1,3,March,1,4
2024-03-02 00:00:00,20240302,2024,1,3,March,2,5
2024-03-03 00:00:00,20240303,2024,1,3,March,3,6
2024-03-04 00:00:00,20240304,2024,1,3,March,4,0
2024-03-05 00:00:00,20240305,2024,1,3,March,5,1
2024-03-06 00:00:00,20240306,2024,1,3,March,6,2
2024-03-07 00:00:00,20240307,2024,1,3,March,7,3
2024-03-08 00:00:00,20240308,2024,1,3,March,8,4
2024-03-09 00:00:00,20240309,2024,1,3,March,9,5
2024-03-10 00:00:00,20240310,2024,1,3,March,10,6
2024-03-11 00:00:00,20240311,2024,1,3,March,11,0
2024-03-12 00:00:00,20240312,2024,1,3,March,12,1
2024-03-13 00:00:00,20240313,2024,1,3,March,13,2
2024-03-14 00:00:00,20240314,2024,1,3,March,14,3
2024-03-15 00:00:00,20240315,2024,1,3,March,15,4
2024-03-16 00:00:00,20240316,2024,1,3,March,16,5
2024-03-17 00:00:00,20240317,2024,1,3,March,17,6
2024-03-18 00:00:00,20240318,2024,1,3,March,18,0
2024-03-19 00:00:00,20240319,2024,1,3,March,19,1
2024-03-20 00:00:00,20240320,2024,1,3,March,20,2
2024-03-21 00:00:00,20240321,2024,1,3,March,21,3
2024-03-22 00:00:00,20240322,2024,1,3,March,22,4
2024-03-23 00:00:00,20240323,2024,1,3,March,23,5
2024-03-24 00:00:00,20240324,2024,1,3,March,24,6
2024-03-25 00:00:00,20240325,2024,1,3,March,25,0
2024-03-26 00:00:00,20240326,2024,1,3,March,26,1
2024-03-27 00:00:00,20240327,2024,1,3,March,27,2
2024-03-28 00:00:00,20240328,2024,1,3,March,28,3
2024-03-29 00:00:00,20240329,2024,1,3,March,29,4
2024-03-30 00:00:00,20240330,2024,1,3,March,30,5
2024-03-31 00:00:00,20240331,2024,1,3,March,31,6
2024-04-01 00:00:00,20240401,2024,2,4,April,1,0
2024-04-02 00:00:00,20240402,2024,2,4,April,2,1
2024-04-03 00:00:00,20240403,2024,2,4,April,3,2
2024-04-04 00:00:00,20240404,2024,2,4,April,4,3
2024-04-05 00:00:00,20240405,2024,2,4,April,5,4
2024-04-06 00:00:00,20240406,2024,2,4,April,6,5
2024-04-07 00:00:00,20240407,2024,2,4,April,7,6
2024-04-08 00:00:00,20240408,2024,2,4,April,8,0
2024-04-09 00:00:00,20240409,2024,2,4,April,9,1
2024-04-10 00:00:00,20240410,2024,2,4,April,10,2
2024-04-11 00:00:00,20240411,2024,2,4,April,11,3
2024-04-12 00:00:00,20240412,2024,2,4,April,12,4
2024-04-13 00:00:00,20240413,2024,2,4,April,13,5
2024-04-14 00:00:00,20240414,2024,2,4,April,14,6
2024-04-15 00:00:00,20240415,2024,2,4,April,15,0
2024-04-16 00:00:00,20240416,2024,2,4,April,16,1
2024-04-17 00:00:00,20240417,2024,2,4,April,17,2
2024-04-18 00:00:00,20240418,2024,2,4,April,18,3
2024-04-19 00:00:00,20240419,2024,2,4,April,19,4
2024-04-20 00:00:00,20240420,2024,2,4,April,20,5
2024-04-21 00:00:00,20240421,2024,2,4,April,21,6
2024-04-22 00:00:00,20240422,2024,2,4,April,22,0
2024-04-23 00:00:00,20240423,2024,2,4,April,23,1
2024-04-24 00:00:00,20240424,2024,2,4,April,24,2
2024-04-25 00:00:00,20240425,2024,2,4,April,25,3
2024-04-26 00:00:00,20240426,2024,2,4,April,26,4
2024-04-27 00:00:00,20240427,2024,2,4,April,27,5
2024-04-28 00:00:00,20240428,2024,2,4,April,28,6
2024-04-29 00:00:00,20240429,2024,2,4,April,29,0
2024-04-30 00:00:00,20240430,2024,2,4,April,30,1
2024-05-01 00:00:00,20240501,2024,2,5,May,1,2
2024-05-02 00:00:00,20240502,2024,2,5,May,2,3
2024-05-03 00:00:00,20240503,2024,2,5,May,3,4
2024-05-04 00:00:00,20240504,2024,2,5,May,4,5
2024-05-05 00:00:00,20240505,2024,2,5,May,5,6
2024-05-06 00:00:00,20240506,2024,2,5,May,6,0
2024-05-07 00:00:00,20240507,2024,2,5,May,7,1
2024-05-08 00:00:00,20240508,2024,2,5,May,8,2
2024-05-09 00:00:00,20240509,2024,2,5,May,9,3
2024-05-10 00:00:00,20240510,2024,2,5,May,10,4
2024-05-11 00:00:00,20240511,2024,2,5,May,11,5
2024-05-12 00:00:00,20240512,2024,2,5,May,12,6
2024-05-13 00:00:00,20240513,2024,2,5,May,13,0
2024-05-14 00:00:00,20240514,2024,2,5,May,14,1
2024-05-15 00:00:00,20240515,2024,2,5,May,15,2
2024-05-16 00:00:00,20240516,2024,2,5,May,16,3
2024-05-17 00:00:00,20240517,2024,2,5,May,17,4
2024-05-18 00:00:00,20240518,2024,2,5,May,18,5
2024-05-19 00:00:00,20240519,2024,2,5,May,19,6
2024-05-20 00:00:00,20240520,2024,2,5,May,20,0
2024-05-21 00:00:00,20240521,2024,2,5,May,21,1
2024-05-22 00:00:00,20240522,2024,2,5,May,22,2
2024-05-23 00:00:00,20240523,2024,2,5,May,23,3
2024-05-24 00:00:00,20240524,2024,2,5,May,24,4
2024-05-25 00:00:00,20240525,2024,2,5,May,25,5
2024-05-26 00:00:00,20240526,2024,2,5,May,26,6
2024-05-27 00:00:00,20240527,2024,2,5,May,27,0
2024-05-28 00:00:00,20240528,2024,2,5,May,28,1
2024-05-29 00:00:00,20240529,2024,2,5,May,29,2
2024-05-30 00:00:00,20240530,2024,2,5,May,30,3
2024-05-31 00:00:00,20240531,2024,2,5,May,31,4
2024-06-01 00:00:00,20240601,2024,2,6,June,1,5
2024-06-02 00:00:00,20240602,2024,2,6,June,2,6
2024-06-03 00:00:00,20240603,2024,2,6,June,3,0
2024-06-04 00:00:00,20240604,2024,2,6,June,4,1
2024-06-05 00:00:00,20240605,2024,2,6,June,5,2
2024-06-06 00:00:00,20240606,2024,2,6,June,6,3
2024-06-07 00:00:00,20240607,2024,2,6,June,7,4
2024-06-08 00:00:00,20240608,2024,2,6,June,8,5
2024-06-09 00:00:00,20240609,2024,2,6,June,9,6
2024-06-10 00:00:00,20240610,2024,2,6,June,10,0
2024-06-11 00:00:00,20240611,2024,2,6,June,11,1
2024-06-12 00:00:00,20240612,2024,2,6,June,12,2
2024-06-13 00:00:00,20240613,2024,2,6,June,13,3
2024-06-14 00:00:00,20240614,2024,2,6,June,14,4
2024-06-15 00:00:00,20240615,2024,2,6,June,15,5
2024-06-16 00:00:00,20240616,2024,2,6,June,16,6
2024-06-17 00:00:00,20240617,2024,2,6,June,17,0
2024-06-18 00:00:00,20240618,2024,2,6,June,18,1
2024-06-19 00:00:00,20240619,2024,2,6,June,19,2
2024-06-20 00:00:00,20240620,2024,2,6,June,20,3
2024-06-21 00:00:00,20240621,2024,2,6,June,21,4
2024-06-22 00:00:00,20240622,2024,2,6,June,22,5
2024-06-23 00:00:00,20240623,2024,2,6,June,23,6
2024-06-24 00:00:00,20240624,2024,2,6,June,24,0
2024-06-25 00:00:00,20240625,2024,2,6,June,25,1
2024-06-26 00:00:00,20240626,2024,2,6,June,26,2
2024-06-27 00:00:00,20240627,2024,2,6,June,27,3
2024-06-28 00:00:00,20240628,2024,2,6,June,28,4
2024-06-29 00:00:00,20240629,2024,2,6,June,29,5
2024-06-30 00:00:00,20240630,2024,2,6,June,30,6
2024-07-01 00:00:00,20240701,2024,3,7,July,1,0
2024-07-02 00:00:00,20240702,2024,3,7,July,2,1
2024-07-03 00:00:00,20240703,2024,3,7,July,3,2
2024-07-04 00:00:00,20240704,2024,3,7,July,4,3
2024-07-05 00:00:00,20240705,2024,3,7,July,5,4
2024-07-06 00:00:00,20240706,2024,3,7,July,6,5
2024-07-07 00:00:00,20240707,2024,3,7,July,7,6
2024-07-08 00:00:00,20240708,2024,3,7,July,8,0
2024-07-09 00:00:00,20240709,2024,3,7,July,9,1
2024-07-10 00:00:00,20240710,2024,3,7,July,10,2
2024-07-11 00:00:00,20240711,2024,3,7,July,11,3
2024-07-12 00:00:00,20240712,2024,3,7,July,12,4
2024-07-13 00:00:00,20240713,2024,3,7,July,13,5
2024-07-14 00:00:00,20240714,2024,3,7,July,14,6
2024-07-15 00:00:00,20240715,2024,3,7,July,15,0
2024-07-16 00:00:00,20240716,2024,3,7,July,16,1
2024-07-17 00:00:00,20240717,2024,3,7,July,17,2
2024-07-18 00:00:00,20240718,2024,3,7,July,18,3
2024-07-19 00:00:00,20240719,2024,3,7,July,19,4
2024-07-20 00:00:00,20240720,2024,3,7,July,20,5
2024-07-21 00:00:00,20240721,2024,3,7,July,21,6
2024-07-22 00:00:00,20240722,2024,3,7,July,22,0
2024-07-23 00:00:00,20240723,2024,3,7,July,23,1
2024-07-24 00:00:00,20240724,2024,3,7,July,24,2
2024-07-25 00:00:00,20240725,2024,3,7,July,25,3
2024-07-26 00:00:00,20240726,2024,3,7,July,26,4
2024-07-27 00:00:00,20240727,2024,3,7,July,27,5
2024-07-28 00:00:00,20240728,2024,3,7,July,28,6
2024-07-29 00:00:00,20240729,2024,3,7,July,29,0
2024-07-30 00:00:00,20240730,2024,3,7,July,30,1
2024-07-31 00:00:00,20240731,2024,3,7,July,31,2
2024-08-01 00:00:00,20240801,2024,3,8,August,1,3
2024-08-02 00:00:00,20240802,2024,3,8,August,2,4
2024-08-03 00:00:00,20240803,2024,3,8,August,3,5
2024-08-04 00:00:00,20240804,2024,3,8,August,4,6
2024-08-05 00:00:00,20240805,2024,3,8,August,5,0
2024-08-06 00:00:00,20240806,2024,3,8,August,6,1
2024-08-07 00:00:00,20240807,2024,3,8,August,7,2
2024-08-08 00:00:00,20240808,2024,3,8,August,8,3
2024-08-09 00:00:00,20240809,2024,3,8,August,9,4
2024-08-10 00:00:00,20240810,2024,3,8,August,10,5
2024-08-11 00:00:00,20240811,2024,3,8,August,11,6
2024-08-12 00:00:00,20240812,2024,3,8,August,12,0
2024-08-13 00:00:00,20240813,2024,3,8,August,13,1
2024-08-14 00:00:00,20240814,2024,3,8,August,14,2
2024-08-15 00:00:00,20240815,2024,3,8,August,15,3
2024-08-16 00:00:00,20240816,2024,3,8,August,16,4
2024-08-17 00:00:00,20240817,2024,3,8,August,17,5
2024-08-18 00:00:00,20240818,2024,3,8,August,18,6
2024-08-19 00:00:00,20240819,2024,3,8,August,19,0
2024-08-20 00:00:00,20240820,2024,3,8,August,20,1
2024-08-21 00:00:00,20240821,2024,3,8,August,21,2
2024-08-22 00:00:00,20240822,2024,3,8,August,22,3
2024-08-23 00:00:00,20240823,2024,3,8,August,23,4
2024-08-24 00:00:00,20240824,2024,3,8,August,24,5
2024-08-25 00:00:00,20240825,2024,3,8,August,25,6
2024-08-26 00:00:00,20240826,2024,3,8,August,26,0
2024-08-27 00:00:00,20240827,2024,3,8,August,27,1
2024-08-28 00:00:00,20240828,2024,3,8,August,28,2
2024-08-29 00:00:00,20240829,2024,3,8,August,29,3
2024-08-30 00:00:00,20240830,2024,3,8,August,30,4
2024-08-31 00:00:00,20240831,2024,3,8,August,31,5
2024-09-01 00:00:00,20240901,2024,3,9,September,1,6
2024-09-02 00:00:00,20240902,2024,3,9,September,2,0
2024-09-03 00:00:00,20240903,2024,3,9,September,3,1
2024-09-04 00:00:00,20240904,2024,3,9,September,4,2
2024-09-05 00:00:00,20240905,2024,3,9,September,5,3
2024-09-06 00:00:00,20240906,2024,3,9,September,6,4
2024-09-07 00:00:00,20240907,2024,3,9,September,7,5
2024-09-08 00:00:00,20240908,2024,3,9,September,8,6
2024-09-09 00:00:00,20240909,2024,3,9,September,9,0
2024-09-10 00:00:00,20240910,2024,3,9,September,10,1
2024-09-11 00:00:00,20240911,2024,3,9,September,11,2
2024-09-12 00:00:00,20240912,2024,3,9,September,12,3
2024-09-13 00:00:00,20240913,2024,3,9,September,13,4
2024-09-14 00:00:00,20240914,2024,3,9,September,14,5
2024-09-15 00:00:00,20240915,2024,3,9,September,15,6
2024-09-16 00:00:00,20240916,2024,3,9,September,16,0
2024-09-17 00:00:00,20240917,2024,3,9,September,17,1
2024-09-18 00:00:00,20240918,2024,3,9,September,18,2
2024-09-19 00:00:00,20240919,2024,3,9,September,19,3
2024-09-20 00:00:00,20240920,2024,3,9,September,20,4
2024-09-21 00:00:00,20240921,2024,3,9,September,21,5
2024-09-22 00:00:00,20240922,2024,3,9,September,22,6
2024-09-23 00:00:00,20240923,2024,3,9,September,23,0
2024-09-24 00:00:00,20240924,2024,3,9,September,24,1
2024-09-25 00:00:00,20240925,2024,3,9,September,25,2
2024-09-26 00:00:00,20240926,2024,3,9,September,26,3
2024-09-27 00:00:00,20240927,2024,3,9,September,27,4
2024-09-28 00:00:00,20240928,2024,3,9,September,28,5
2024-09-29 00:00:00,20240929,2024,3,9,September,29,6
2024-09-30 00:00:00,20240930,2024,3,9,September,30,0
2024-10-01 00:00:00,20241001,2024,4,10,October,1,1
2024-10-02 00:00:00,20241002,2024,4,10,October,2,2
2024-10-03 00:00:00,20241003,2024,4,10,October,3,3
2024-10-04 00:00:00,20241004,2024,4,10,October,4,4
2024-10-05 00:00:00,20241005,2024,4,10,October,5,5
2024-10-06 00:00:00,20241006,2024,4,10,October,6,6
2024-10-07 00:00:00,20241007,2024,4,10,October,7,0
2024-10-08 00:00:00,20241008,2024,4,10,October,8,1
2024-10-09 00:00:00,20241009,2024,4,10,October,9,2
2024-10-10 00:00:00,20241010,2024,4,10,October,10,3
2024-10-11 00:00:00,20241011,2024,4,10,October,11,4
2024-10-12 00:00:00,20241012,2024,4,10,October,12,5
2024-10-13 00:00:00,20241013,2024,4,10,October,13,6
2024-10-14 00:00:00,20241014,2024,4,10,October,14,0
2024-10-15 00:00:00,20241015,2024,4,10,October,15,1
2024-10-16 00:00:00,20241016,2024,4,10,October,16,2
2024-10-17 00:00:00,20241017,2024,4,10,October,17,3
2024-10-18 00:00:00,20241018,2024,4,10,October,18,4
2024-10-19 00:00:00,20241019,2024,4,10,October,19,5
2024-10-20 00:00:00,20241020,2024,4,10,October,20,6
2024-10-21 00:00:00,20241021,2024,4,10,October,21,0
2024-10-22 00:00:00,20241022,2024,4,10,October,22,1
2024-10-23 00:00:00,20241023,2024,4,10,October,23,2
2024-10-24 00:00:00,20241024,2024,4,10,October,24,3
2024-10-25 00:00:00,20241025,2024,4,10,October,25,4
2024-10-26 00:00:00,20241026,2024,4,10,October,26,5
2024-10-27 00:00:00,20241027,2024,4,10,October,27,6
2024-10-28 00:00:00,20241028,2024,4,10,October,28,0
2024-10-29 00:00:00,20241029,2024,4,10,October,29,1
2024-10-30 00:00:00,20241030,2024,4,10,October,30,2
2024-10-31 00:00:00,20241031,2024,4,10,October,31,3
2024-11-01 00:00:00,20241101,2024,4,11,November,1,4
2024-11-02 00:00:00,20241102,2024,4,11,November,2,5
2024-11-03 00:00:00,20241103,2024,4,11,November,3,6
2024-11-04 00:00:00,20241104,2024,4,11,November,4,0
2024-11-05 00:00:00,20241105,2024,4,11,November,5,1
2024-11-06 00:00:00,20241106,2024,4,11,November,6,2
2024-11-07 00:00:00,20241107,2024,4,11,November,7,3
2024-11-08 00:00:00,20241108,2024,4,11,November,8,4
2024-11-09 00:00:00,20241109,2024,4,11,November,9,5
2024-11-10 00:00:00,20241110,2024,4,11,November,10,6
2024-11-11 00:00:00,20241111,2024,4,11,November,11,0
2024-11-12 00:00:00,20241112,2024,4,11,November,12,1
2024-11-13 00:00:00,20241113,2024,4,11,November,13,2
2024-11-14 00:00:00,20241114,2024,4,11,November,14,3
2024-11-15 00:00:00,20241115,2024,4,11,November,15,4
2024-11-16 00:00:00,20241116,2024,4,11,November,16,5
2024-11-17 00:00:00,20241117,2024,4,11,November,17,6
2024-11-18 00:00:00,20241118,2024,4,11,November,18,0
2024-11-19 00:00:00,20241119,2024,4,11,November,19,1
2024-11-20 00:00:00,20241120,2024,4,11,November,20,2
2024-11-21 00:00:00,20241121,2024,4,11,November,21,3
2024-11-22 00:00:00,20241122,2024,4,11,November,22,4
2024-11-23 00:00:00,20241123,2024,4,11,November,23,5
2024-11-24 00:00:00,20241124,2024,4,11,November,24,6
2024-11-25 00:00:00,20241125,2024,4,11,November,25,0
2024-11-26 00:00:00,20241126,2024,4,11,November,26,1
2024-11-27 00:00:00,20241127,2024,4,11,November,27,2
2024-11-28 00:00:00,20241128,2024,4,11,November,28,3
2024-11-29 00:00:00,20241129,2024,4,11,November,29,4
2024-11-30 00:00:00,20241130,2024,4,11,November,30,5
2024-12-01 00:00:00,20241201,2024,4,12,December,1,6
2024-12-02 00:00:00,20241202,2024,4,12,December,2,0
2024-12-03 00:00:00,20241203,2024,4,12,December,3,1
2024-12-04 00:00:00,20241204,2024,4,12,December,4,2
2024-12-05 00:00:00,20241205,2024,4,12,December,5,3
2024-12-06 00:00:00,20241206,2024,4,12,December,6,4
2024-12-07 00:00:00,20241207,2024,4,12,December,7,5
2024-12-08 00:00:00,20241208,2024,4,12,December,8,6
2024-12-09 00:00:00,20241209,2024,4,12,December,9,0
2024-12-10 00:00:00,20241210,2024,4,12,December,10,1
2024-12-11 00:00:00,20241211,2024,4,12,December,11,2
2024-12-12 00:00:00,20241212,2024,4,12,December,12,3
2024-12-13 00:00:00,20241213,2024,4,12,December,13,4
2024-12-14 00:00:00,20241214,2024,4,12,December,14,5
2024-12-15 00:00:00,20241215,2024,4,12,December,15,6
2024-12-16 00:00:00,20241216,2024,4,12,December,16,0
2024-12-17 00:00:00,20241217,2024,4,12,December,17,1
2024-12-18 00:00:00,20241218,2024,4,12,December,18,2
2024-12-19 00:00:00,20241219,2024,4,12,December,19,3
2024-12-20 00:00:00,20241220,2024,4,12,December,20,4
2024-12-21 00:00:00,20241221,2024,4,12,December,21,5
2024-12-22 00:00:00,20241222,2024,4,12,December,22,6
2024-12-23 00:00:00,20241223,2024,4,12,December,23,0
2024-12-24 00:00:00,20241224,2024,4,12,December,24,1
2024-12-25 00:00:00,20241225,2024,4,12,December,25,2
2024-12-26 00:00:00,20241226,2024,4,12,December,26,3
2024-12-27 00:00:00,20241227,2024,4,12,December,27,4
2024-12-28 00:00:00,20241228,2024,4,12,December,28,5
2024-12-29 00:00:00,20241229,2024,4,12,December,29,6
2024-12-30 00:00:00,20241230,2024,4,12,December,30,0
2024-12-31 00:00:00,20241231,2024,4,12,December,31,1
2025-01-01 00:00:00,20250101,2025,1,1,January,1,2
2025-01-02 00:00:00,20250102,2025,1,1,January,2,3
2025-01-03 00:00:00,20250103,2025,1,1,January,3,4
2025-01-04 00:00:00,20250104,2025,1,1,January,4,5
2025-01-05 00:00:00,20250105,2025,1,1,January,5,6
2025-01-06 00:00:00,20250106,2025,1,1,January,6,0
2025-01-07 00:00:00,20250107,2025,1,1,January,7,1
2025-01-08 00:00:00,20250108,2025,1,1,January,8,2
2025-01-09 00:00:00,20250109,2025,1,1,January,9,3
2025-01-10 00:00:00,20250110,2025,1,1,January,10,4
2025-01-11 00:00:00,20250111,2025,1,1,January,11,5
2025-01-12 00:00:00,20250112,2025,1,1,January,12,6
2025-01-13 00:00:00,20250113,2025,1,1,January,13,0
2025-01-14 00:00:00,20250114,2025,1,1,January,14,1
2025-01-15 00:00:00,20250115,2025,1,1,January,15,2
2025-01-16 00:00:00,20250116,2025,1,1,January,16,3
2025-01-17 00:00:00,20250117,2025,1,1,January,17,4
2025-01-18 00:00:00,20250118,2025,1,1,January,18,5
2025-01-19 00:00:00,20250119,2025,1,1,January,19,6
2025-01-20 00:00:00,20250120,2025,1,1,January,20,0
2025-01-21 00:00:00,20250121,2025,1,1,January,21,1
2025-01-22 00:00:00,20250122,2025,1,1,January,22,2
2025-01-23 00:00:00,20250123,2025,1,1,January,23,3
2025-01-24 00:00:00,20250124,2025,1,1,January,24,4
2025-01-25 00:00:00,20250125,2025,1,1,January,25,5
2025-01-26 00:00:00,20250126,2025,1,1,January,26,6
2025-01-27 00:00:00,20250127,2025,1,1,January,27,0
2025-01-28 00:00:00,20250128,2025,1,1,January,28,1
2025-01-29 00:00:00,20250129,2025,1,1,January,29,2
2025-01-30 00:00:00,20250130,2025,1,1,January,30,3
2025-01-31 00:00:00,20250131,2025,1,1,January,31,4
2025-02-01 00:00:00,20250201,2025,1,2,February,1,5
2025-02-02 00:00:00,20250202,2025,1,2,February,2,6
2025-02-03 00:00:00,20250203,2025,1,2,February,3,0
2025-02-04 00:00:00,20250204,2025,1,2,February,4,1
2025-02-05 00:00:00,20250205,2025,1,2,February,5,2
2025-02-06 00:00:00,20250206,2025,1,2,February,6,3
2025-02-07 00:00:00,20250207,2025,1,2,February,7,4
2025-02-08 00:00:00,20250208,2025,1,2,February,8,5
2025-02-09 00:00:00,20250209,2025,1,2,February,9,6
2025-02-10 00:00:00,20250210,2025,1,2,February,10,0
2025-02-11 00:00:00,20250211,2025,1,2,February,11,1
2025-02-12 00:00:00,20250212,2025,1,2,February,12,2
2025-02-13 00:00:00,20250213,2025,1,2,February,13,3
2025-02-14 00:00:00,20250214,2025,1,2,February,14,4
2025-02-15 00:00:00,20250215,2025,1,2,February,15,5
2025-02-16 00:00:00,20250216,2025,1,2,February,16,6
2025-02-17 00:00:00,20250217,2025,1,2,February,17,0
2025-02-18 00:00:00,20250218,2025,1,2,February,18,1
2025-02-19 00:00:00,20250219,2025,1,2,February,19,2
2025-02-20 00:00:00,20250220,2025,1,2,February,20,3
2025-02-21 00:00:00,20250221,2025,1,2,February,21,4
2025-02-22 00:00:00,20250222,2025,1,2,February,22,5
2025-02-23 00:00:00,20250223,2025,1,2,February,23,6
2025-02-24 00:00:00,20250224,2025,1,2,February,24,0
2025-02-25 00:00:00,20250225,2025,1,2,February,25,1
2025-02-26 00:00:00,20250226,2025,1,2,February,26,2
2025-02-27 00:00:00,20250227,2025,1,2,February,27,3
2025-02-28 00:00:00,20250228,2025,1,2,February,28,4
2025-03-01 00:00:00,20250301,2025,1,3,March,1,5
2025-03-02 00:00:00,20250302,2025,1,3,March,2,6
2025-03-03 00:00:00,20250303,2025,1,3,March,3,0
2025-03-04 00:00:00,20250304,2025,1,3,March,4,1
2025-03-05 00:00:00,20250305,2025,1,3,March,5,2
2025-03-06 00:00:00,20250306,2025,1,3,March,6,3
2025-03-07 00:00:00,20250307,2025,1,3,March,7,4
2025-03-08 00:00:00,20250308,2025,1,3,March,8,5
2025-03-09 00:00:00,20250309,2025,1,3,March,9,6
2025-03-10 00:00:00,20250310,2025,1,3,March,10,0
2025-03-11 00:00:00,20250311,2025,1,3,March,11,1
2025-03-12 00:00:00,20250312,2025,1,3,March,12,2
2025-03-13 00:00:00,20250313,2025,1,3,March,13,3
2025-03-14 00:00:00,20250314,2025,1,3,March,14,4
2025-03-15 00:00:00,20250315,2025,1,3,March,15,5
2025-03-16 00:00:00,20250316,2025,1,3,March,16,6
2025-03-17 00:00:00,20250317,2025,1,3,March,17,0
2025-03-18 00:00:00,20250318,2025,1,3,March,18,1
2025-03-19 00:00:00,20250319,2025,1,3,March,19,2
2025-03-20 00:00:00,20250320,2025,1,3,March,20,3
2025-03-21 00:00:00,20250321,2025,1,3,March,21,4
2025-03-22 00:00:00,20250322,2025,1,3,March,22,5
2025-03-23 00:00:00,20250323,2025,1,3,March,23,6
2025-03-24 00:00:00,20250324,2025,1,3,March,24,0
2025-03-25 00:00:00,20250325,2025,1,3,March,25,1
2025-03-26 00:00:00,20250326,2025,1,3,March,26,2
2025-03-27 00:00:00,20250327,2025,1,3,March,27,3
2025-03-28 00:00:00,20250328,2025,1,3,March,28,4
2025-03-29 00:00:00,20250329,2025,1,3,March,29,5
2025-03-30 00:00:00,20250330,2025,1,3,March,30,6
2025-03-31 00:00:00,20250331,2025,1,3,March,31,0
2025-04-01 00:00:00,20250401,2025,2,4,April,1,1
2025-04-02 00:00:00,20250402,2025,2,4,April,2,2
2025-04-03 00:00:00,20250403,2025,2,4,April,3,3
2025-04-04 00:00:00,20250404,2025,2,4,April,4,4
2025-04-05 00:00:00,20250405,2025,2,4,April,5,5
2025-04-06 00:00:00,20250406,2025,2,4,April,6,6
2025-04-07 00:00:00,20250407,2025,2,4,April,7,0
2025-04-08 00:00:00,20250408,2025,2,4,April,8,1
2025-04-09 00:00:00,20250409,2025,2,4,April,9,2
2025-04-10 00:00:00,20250410,2025,2,4,April,10,3
2025-04-11 00:00:00,20250411,2025,2,4,April,11,4
2025-04-12 00:00:00,20250412,2025,2,4,April,12,5
2025-04-13 00:00:00,20250413,2025,2,4,April,13,6
2025-04-14 00:00:00,20250414,2025,2,4,April,14,0
2025-04-15 00:00:00,20250415,2025,2,4,April,15,1
2025-04-16 00:00:00,20250416,2025,2,4,April,16,2
2025-04-17 00:00:00,20250417,2025,2,4,April,17,3
2025-04-18 00:00:00,20250418,2025,2,4,April,18,4
2025-04-19 00:00:00,20250419,2025,2,4,April,19,5
2025-04-20 00:00:00,20250420,2025,2,4,April,20,6
2025-04-21 00:00:00,20250421,2025,2,4,April,21,0
2025-04-22 00:00:00,20250422,2025,2,4,April,22,1
2025-04-23 00:00:00,20250423,2025,2,4,April,23,2
2025-04-24 00:00:00,20250424,2025,2,4,April,24,3
2025-04-25 00:00:00,20250425,2025,2,4,April,25,4
2025-04-26 00:00:00,20250426,2025,2,4,April,26,5
2025-04-27 00:00:00,20250427,2025,2,4,April,27,6
2025-04-28 00:00:00,20250428,2025,2,4,April,28,0
2025-04-29 00:00:00,20250429,2025,2,4,April,29,1
2025-04-30 00:00:00,20250430,2025,2,4,April,30,2
2025-05-01 00:00:00,20250501,2025,2,5,May,1,3
2025-05-02 00:00:00,20250502,2025,2,5,May,2,4
2025-05-03 00:00:00,20250503,2025,2,5,May,3,5
2025-05-04 00:00:00,20250504,2025,2,5,May,4,6
2025-05-05 00:00:00,20250505,2025,2,5,May,5,0
2025-05-06 00:00:00,20250506,2025,2,5,May,6,1
2025-05-07 00:00:00,20250507,2025,2,5,May,7,2
2025-05-08 00:00:00,20250508,2025,2,5,May,8,3
2025-05-09 00:00:00,20250509,2025,2,5,May,9,4
2025-05-10 00:00:00,20250510,2025,2,5,May,10,5
2025-05-11 00:00:00,20250511,2025,2,5,May,11,6
2025-05-12 00:00:00,20250512,2025,2,5,May,12,0
2025-05-13 00:00:00,20250513,2025,2,5,May,13,1
2025-05-14 00:00:00,20250514,2025,2,5,May,14,2
2025-05-15 00:00:00,20250515,2025,2,5,May,15,3
2025-05-16 00:00:00,20250516,2025,2,5,May,16,4
2025-05-17 00:00:00,20250517,2025,2,5,May,17,5
2025-05-18 00:00:00,20250518,2025,2,5,May,18,6
2025-05-19 00:00:00,20250519,2025,2,5,May,19,0
2025-05-20 00:00:00,20250520,2025,2,5,May,20,1
2025-05-21 00:00:00,20250521,2025,2,5,May,21,2
2025-05-22 00:00:00,20250522,2025,2,5,May,22,3
2025-05-23 00:00:00,20250523,2025,2,5,May,23,4
2025-05-24 00:00:00,20250524,2025,2,5,May,24,5
2025-05-25 00:00:00,20250525,2025,2,5,May,25,6
2025-05-26 00:00:00,20250526,2025,2,5,May,26,0
2025-05-27 00:00:00,20250527,2025,2,5,May,27,1
2025-05-28 00:00:00,20250528,2025,2,5,May,28,2
2025-05-29 00:00:00,20250529,2025,2,5,May,29,3
2025-05-30 00:00:00,20250530,2025,2,5,May,30,4
2025-06-02 00:00:00,20250602,2025,2,6,June,2,0
2025-06-03 00:00:00,20250603,2025,2,6,June,3,1
2025-06-04 00:00:00,20250604,2025,2,6,June,4,2
2025-06-05 00:00:00,20250605,2025,2,6,June,5,3
2025-06-06 00:00:00,20250606,2025,2,6,June,6,4
2025-06-09 00:00:00,20250609,2025,2,6,June,9,0
2025-06-10 00:00:00,20250610,2025,2,6,June,10,1
2025-06-11 00:00:00,20250611,2025,2,6,June,11,2
2025-06-12 00:00:00,20250612,2025,2,6,June,12,3
2025-06-13 00:00:00,20250613,2025,2,6,June,13,4
2025-06-16 00:00:00,20250616,2025,2,6,June,16,0
2025-06-17 00:00:00,20250617,2025,2,6,June,17,1
2025-06-18 00:00:00,20250618,2025,2,6,June,18,2
2025-06-19 00:00:00,20250619,2025,2,6,June,19,3
2025-06-20 00:00:00,20250620,2025,2,6,June,20,4
2025-06-23 00:00:00,20250623,2025,2,6,June,23,0
2025-06-24 00:00:00,20250624,2025,2,6,June,24,1
2025-06-25 00:00:00,20250625,2025,2,6,June,25,2
2025-06-26 00:00:00,20250626,2025,2,6,June,26,3
2025-06-27 00:00:00,20250627,2025,2,6,June,27,4
2025-06-30 00:00:00,20250630,2025,2,6,June,30,0
2025-07-01 00:00:00,20250701,2025,3,7,July,1,1
2025-07-02 00:00:00,20250702,2025,3,7,July,2,2
2025-07-03 00:00:00,20250703,2025,3,7,July,3,3
2025-07-04 00:00:00,20250704,2025,3,7,July,4,4
2025-07-07 00:00:00,20250707,2025,3,7,July,7,0
2025-07-08 00:00:00,20250708,2025,3,7,July,8,1
2025-07-09 00:00:00,20250709,2025,3,7,July,9,2
2025-07-10 00:00:00,20250710,2025,3,7,July,10,3
2025-07-11 00:00:00,20250711,2025,3,7,July,11,4
2025-07-14 00:00:00,20250714,2025,3,7,July,14,0
2025-07-15 00:00:00,20250715,2025,3,7,July,15,1
2025-07-16 00:00:00,20250716,2025,3,7,July,16,2
2025-07-17 00:00:00,20250717,2025,3,7,July,17,3
2025-07-18 00:00:00,20250718,2025,3,7,July,18,4
2025-07-21 00:00:00,20250721,2025,3,7,July,21,0
2025-07-22 00:00:00,20250722,2025,3,7,July,22,1
2025-07-23 00:00:00,20250723,2025,3,7,July,23,2
2025-07-24 00:00:00,20250724,2025,3,7,July,24,3
2025-07-25 00:00:00,20250725,2025,3,7,July,25,4
2025-07-28 00:00:00,20250728,2025,3,7,July,28,0
2025-07-29 00:00:00,20250729,2025,3,7,July,29,1
2025-07-30 00:00:00,20250730,2025,3,7,July,30,2
2025-07-31 00:00:00,20250731,2025,3,7,July,31,3
2025-08-01 00:00:00,20250801,2025,3,8,August,1,4
2025-08-04 00:00:00,20250804,2025,3,8,August,4,0
2025-08-05 00:00:00,20250805,2025,3,8,August,5,1
2025-08-06 00:00:00,20250806,2025,3,8,August,6,2
2025-08-07 00:00:00,20250807,2025,3,8,August,7,3
2025-08-08 00:00:00,20250808,2025,3,8,August,8,4
2025-08-11 00:00:00,20250811,2025,3,8,August,11,0
2025-08-12 00:00:00,20250812,2025,3,8,August,12,1
2025-08-13 00:00:00,20250813,2025,3,8,August,13,2
2025-08-14 00:00:00,20250814,2025,3,8,August,14,3
2025-08-15 00:00:00,20250815,2025,3,8,August,15,4
2025-08-18 00:00:00,20250818,2025,3,8,August,18,0
2025-08-19 00:00:00,20250819,2025,3,8,August,19,1
2025-08-20 00:00:00,20250820,2025,3,8,August,20,2
2025-08-21 00:00:00,20250821,2025,3,8,August,21,3
2025-08-22 00:00:00,20250822,2025,3,8,August,22,4
2025-08-25 00:00:00,20250825,2025,3,8,August,25,0
2025-08-26 00:00:00,20250826,2025,3,8,August,26,1
2025-08-27 00:00:00,20250827,2025,3,8,August,27,2
2025-08-28 00:00:00,20250828,2025,3,8,August,28,3
2025-08-29 00:00:00,20250829,2025,3,8,August,29,4
2025-09-01 00:00:00,20250901,2025,3,9,September,1,0
2025-09-02 00:00:00,20250902,2025,3,9,September,2,1
2025-09-03 00:00:00,20250903,2025,3,9,September,3,2
2025-09-04 00:00:00,20250904,2025,3,9,September,4,3
2025-09-05 00:00:00,20250905,2025,3,9,September,5,4
2025-09-08 00:00:00,20250908,2025,3,9,September,8,0
2025-09-09 00:00:00,20250909,2025,3,9,September,9,1
2025-09-10 00:00:00,20250910,2025,3,9,September,10,2
2025-09-11 00:00:00,20250911,2025,3,9,September,11,3
2025-09-12 00:00:00,20250912,2025,3,9,September,12,4
2025-09-15 00:00:00,20250915,2025,3,9,September,15,0
2025-09-16 00:00:00,20250916,2025,3,9,September,16,1
2025-09-17 00:00:00,20250917,2025,3,9,September,17,2
2025-09-18 00:00:00,20250918,2025,3,9,September,18,3
2025-09-19 00:00:00,20250919,2025,3,9,September,19,4
2025-09-22 00:00:00,20250922,2025,3,9,September,22,0
2025-09-23 00:00:00,20250923,2025,3,9,September,23,1
2025-09-24 00:00:00,20250924,2025,3,9,September,24,2
2025-09-25 00:00:00,20250925,2025,3,9,September,25,3
2025-09-26 00:00:00,20250926,2025,3,9,September,26,4
2025-09-29 00:00:00,20250929,2025,3,9,September,29,0
2025-09-30 00:00:00,20250930,2025,3,9,September,30,1
2025-10-01 00:00:00,20251001,2025,4,10,October,1,2
2025-10-02 00:00:00,20251002,2025,4,10,October,2,3
2025-10-03 00:00:00,20251003,2025,4,10,October,3,4
2025-10-06 00:00:00,20251006,2025,4,10,October,6,0
2025-10-07 00:00:00,20251007,2025,4,10,October,7,1
2025-10-08 00:00:00,20251008,2025,4,10,October,8,2
2025-10-09 00:00:00,20251009,2025,4,10,October,9,3
2025-10-10 00:00:00,20251010,2025,4,10,October,10,4
2025-10-13 00:00:00,20251013,2025,4,10,October,13,0
2025-10-14 00:00:00,20251014,2025,4,10,October,14,1
2025-10-15 00:00:00,20251015,2025,4,10,October,15,2
2025-10-16 00:00:00,20251016,2025,4,10,October,16,3
2025-10-17 00:00:00,20251017,2025,4,10,October,17,4
2025-10-20 00:00:00,20251020,2025,4,10,October,20,0
2025-10-21 00:00:00,20251021,2025,4,10,October,21,1
2025-10-22 00:00:00,20251022,2025,4,10,October,22,2
2025-10-23 00:00:00,20251023,2025,4,10,October,23,3
2025-10-24 00:00:00,20251024,2025,4,10,October,24,4
2025-10-27 00:00:00,20251027,2025,4,10,October,27,0
2025-10-28 00:00:00,20251028,2025,4,10,October,28,1
2025-10-29 00:00:00,20251029,2025,4,10,October,29,2
2025-10-30 00:00:00,20251030,2025,4,10,October,30,3
2025-10-31 00:00:00,20251031,2025,4,10,October,31,4
2025-11-03 00:00:00,20251103,2025,4,11,November,3,0
2025-11-04 00:00:00,20251104,2025,4,11,November,4,1
2025-11-05 00:00:00,20251105,2025,4,11,November,5,2
2025-11-06 00:00:00,20251106,2025,4,11,November,6,3
2025-11-07 00:00:00,20251107,2025,4,11,November,7,4
2025-11-10 00:00:00,20251110,2025,4,11,November,10,0
2025-11-11 00:00:00,20251111,2025,4,11,November,11,1
2025-11-12 00:00:00,20251112,2025,4,11,November,12,2
2025-11-13 00:00:00,20251113,2025,4,11,November,13,3
2025-11-14 00:00:00,20251114,2025,4,11,November,14,4
2025-11-17 00:00:00,20251117,2025,4,11,November,17,0
2025-11-18 00:00:00,20251118,2025,4,11,November,18,1
2025-11-19 00:00:00,20251119,2025,4,11,November,19,2
2025-11-20 00:00:00,20251120,2025,4,11,November,20,3
2025-11-21 00:00:00,20251121,2025,4,11,November,21,4
2025-11-24 00:00:00,20251124,2025,4,11,November,24,0
2025-11-25 00:00:00,20251125,2025,4,11,November,25,1
2025-11-26 00:00:00,20251126,2025,4,11,November,26,2
2025-11-27 00:00:00,20251127,2025,4,11,November,27,3
2025-11-28 00:00:00,20251128,2025,4,11,November,28,4
2025-12-01 00:00:00,20251201,2025,4,12,December,1,0
2025-12-02 00:00:00,20251202,2025,4,12,December,2,1
2025-12-03 00:00:00,20251203,2025,4,12,December,3,2
2025-12-04 00:00:00,20251204,2025,4,12,December,4,3
2025-12-05 00:00:00,20251205,2025,4,12,December,5,4
2025-12-08 00:00:00,20251208,2025,4,12,December,8,0
2025-12-09 00:00:00,20251209,2025,4,12,December,9,1
2025-12-10 00:00:00,20251210,2025,4,12,December,10,2
2025-12-11 00:00:00,20251211,2025,4,12,December,11,3
2025-12-12 00:00:00,20251212,2025,4,12,December,12,4
2025-12-15 00:00:00,20251215,2025,4,12,December,15,0
2025-12-16 00:00:00,20251216,2025,4,12,December,16,1
2025-12-17 00:00:00,20251217,2025,4,12,December,17,2
2025-12-18 00:00:00,20251218,2025,4,12,December,18,3
2025-12-19 00:00:00,20251219,2025,4,12,December,19,4
2025-12-22 00:00:00,20251222,2025,4,12,December,22,0
2025-12-23 00:00:00,20251223,2025,4,12,December,23,1
2025-12-24 00:00:00,20251224,2025,4,12,December,24,2
2025-12-25 00:00:00,20251225,2025,4,12,December,25,3
2025-12-26 00:00:00,20251226,2025,4,12,December,26,4
2025-12-29 00:00:00,20251229,2025,4,12,December,29,0
2025-12-30 00:00:00,20251230,2025,4,12,December,30,1
2025-12-31 00:00:00,20251231,2025,4,12,December,31,2
2026-01-01 00:00:00,20260101,2026,1,1,January,1,3
2026-01-02 00:00:00,20260102,2026,1,1,January,2,4
2026-01-05 00:00:00,20260105,2026,1,1,January,5,0
2026-01-06 00:00:00,20260106,2026,1,1,January,6,1
2026-01-07 00:00:00,20260107,2026,1,1,January,7,2
2026-01-08 00:00:00,20260108,2026,1,1,January,8,3
2026-01-09 00:00:00,20260109,2026,1,1,January,9,4
2026-01-12 00:00:00,20260112,2026,1,1,January,12,0
2026-01-13 00:00:00,20260113,2026,1,1,January,13,1
2026-01-14 00:00:00,20260114,2026,1,1,January,14,2
2026-01-15 00:00:00,20260115,2026,1,1,January,15,3
2026-01-16 00:00:00,20260116,2026,1,1,January,16,4
2026-01-19 00:00:00,20260119,2026,1,1,January,19,0
2026-01-20 00:00:00,20260120,2026,1,1,January,20,1
2026-01-21 00:00:00,20260121,2026,1,1,January,21,2
2026-01-22 00:00:00,20260122,2026,1,1,January,22,3
2026-01-23 00:00:00,20260123,2026,1,1,January,23,4
2026-01-26 00:00:00,20260126,2026,1,1,January,26,0
2026-01-27 00:00:00,20260127,2026,1,1,January,27,1
2026-01-28 00:00:00,20260128,2026,1,1,January,28,2
2026-01-29 00:00:00,20260129,2026,1,1,January,29,3
2026-01-30 00:00:00,20260130,2026,1,1,January,30,4
2026-02-02 00:00:00,20260202,2026,1,2,February,2,0
2026-02-03 00:00:00,20260203,2026,1,2,February,3,1
2026-02-04 00:00:00,20260204,2026,1,2,February,4,2
2026-02-05 00:00:00,20260205,2026,1,2,February,5,3
2026-02-06 00:00:00,20260206,2026,1,2,February,6,4
2026-02-09 00:00:00,20260209,2026,1,2,February,9,0
2026-02-10 00:00:00,20260210,2026,1,2,February,10,1
2026-02-11 00:00:00,20260211,2026,1,2,February,11,2
2026-02-12 00:00:00,20260212,2026,1,2,February,12,3
2026-02-13 00:00:00,20260213,2026,1,2,February,13,4
2026-02-16 00:00:00,20260216,2026,1,2,February,16,0
2026-02-17 00:00:00,20260217,2026,1,2,February,17,1
2026-02-18 00:00:00,20260218,2026,1,2,February,18,2
2026-02-19 00:00:00,20260219,2026,1,2,February,19,3
2026-02-20 00:00:00,20260220,2026,1,2,February,20,4
2026-02-23 00:00:00,20260223,2026,1,2,February,23,0
2026-02-24 00:00:00,20260224,2026,1,2,February,24,1
2026-02-25 00:00:00,20260225,2026,1,2,February,25,2
2026-02-26 00:00:00,20260226,2026,1,2,February,26,3
2026-02-27 00:00:00,20260227,2026,1,2,February,27,4
2026-03-02 00:00:00,20260302,2026,1,3,March,2,0
2026-03-03 00:00:00,20260303,2026,1,3,March,3,1
2026-03-04 00:00:00,20260304,2026,1,3,March,4,2
2026-03-05 00:00:00,20260305,2026,1,3,March,5,3
2026-03-06 00:00:00,20260306,2026,1,3,March,6,4
2026-03-09 00:00:00,20260309,2026,1,3,March,9,0
2026-03-10 00:00:00,20260310,2026,1,3,March,10,1
2026-03-11 00:00:00,20260311,2026,1,3,March,11,2
2026-03-12 00:00:00,20260312,2026,1,3,March,12,3
2026-03-13 00:00:00,20260313,2026,1,3,March,13,4
2026-03-16 00:00:00,20260316,2026,1,3,March,16,0
2026-03-17 00:00:00,20260317,2026,1,3,March,17,1
2026-03-18 00:00:00,20260318,2026,1,3,March,18,2
2026-03-19 00:00:00,20260319,2026,1,3,March,19,3
2026-03-20 00:00:00,20260320,2026,1,3,March,20,4
2026-03-23 00:00:00,20260323,2026,1,3,March,23,0
2026-03-24 00:00:00,20260324,2026,1,3,March,24,1
2026-03-25 00:00:00,20260325,2026,1,3,March,25,2
2026-03-26 00:00:00,20260326,2026,1,3,March,26,3
2026-03-27 00:00:00,20260327,2026,1,3,March,27,4
2026-03-30 00:00:00,20260330,2026,1,3,March,30,0
2026-03-31 00:00:00,20260331,2026,1,3,March,31,1
2026-04-01 00:00:00,20260401,2026,2,4,April,1,2
2026-04-02 00:00:00,20260402,2026,2,4,April,2,3
2026-04-03 00:00:00,20260403,2026,2,4,April,3,4
2026-04-06 00:00:00,20260406,2026,2,4,April,6,0
2026-04-07 00:00:00,20260407,2026,2,4,April,7,1
2026-04-08 00:00:00,20260408,2026,2,4,April,8,2
2026-04-09 00:00:00,20260409,2026,2,4,April,9,3
2026-04-10 00:00:00,20260410,2026,2,4,April,10,4
2026-04-13 00:00:00,20260413,2026,2,4,April,13,0
2026-04-14 00:00:00,20260414,2026,2,4,April,14,1
2026-04-15 00:00:00,20260415,2026,2,4,April,15,2
2026-04-16 00:00:00,20260416,2026,2,4,April,16,3
2026-04-17 00:00:00,20260417,2026,2,4,April,17,4
2026-04-20 00:00:00,20260420,2026,2,4,April,20,0
2026-04-21 00:00:00,20260421,2026,2,4,April,21,1
2026-04-22 00:00:00,20260422,2026,2,4,April,22,2
2026-04-23 00:00:00,20260423,2026,2,4,April,23,3
2026-04-24 00:00:00,20260424,2026,2,4,April,24,4
2026-04-27 00:00:00,20260427,2026,2,4,April,27,0
2026-04-28 00:00:00,20260428,2026,2,4,April,28,1
2026-04-29 00:00:00,20260429,2026,2,4,April,29,2
2026-04-30 00:00:00,20260430,2026,2,4,April,30,3
2026-05-01 00:00:00,20260501,2026,2,5,May,1,4
2026-05-04 00:00:00,20260504,2026,2,5,May,4,0
2026-05-05 00:00:00,20260505,2026,2,5,May,5,1
2026-05-06 00:00:00,20260506,2026,2,5,May,6,2
2026-05-07 00:00:00,20260507,2026,2,5,May,7,3
2026-05-08 00:00:00,20260508,2026,2,5,May,8,4
2026-05-11 00:00:00,20260511,2026,2,5,May,11,0
2026-05-12 00:00:00,20260512,2026,2,5,May,12,1
2026-05-13 00:00:00,20260513,2026,2,5,May,13,2
2026-05-14 00:00:00,20260514,2026,2,5,May,14,3
2026-05-15 00:00:00,20260515,2026,2,5,May,15,4
2026-05-18 00:00:00,20260518,2026,2,5,May,18,0
2026-05-19 00:00:00,20260519,2026,2,5,May,19,1
2026-05-20 00:00:00,20260520,2026,2,5,May,20,2
2026-05-21 00:00:00,20260521,2026,2,5,May,21,3
2026-05-22 00:00:00,20260522,2026,2,5,May,22,4
2026-05-25 00:00:00,20260525,2026,2,5,May,25,0
2026-05-26 00:00:00,20260526,2026,2,5,May,26,1
2026-05-27 00:00:00,20260527,2026,2,5,May,27,2
2026-05-28 00:00:00,20260528,2026,2,5,May,28,3
2026-05-29 00:00:00,20260529,2026,2,5,May,29,4
