investor_id,total_sips,avg_gap_days,max_gap_days,total_sip_amount_inr,status
INV001890,6,102.6,207.0,7890,AT_RISK
INV001156,6,102.4,175.0,51977,AT_RISK
INV004296,6,102.2,304.0,77419,AT_RISK
INV003325,6,101.0,155.0,42846,AT_RISK
INV000522,6,100.8,309.0,28275,AT_RISK
INV000608,6,100.2,324.0,45475,AT_RISK
INV001883,6,99.2,203.0,16745,AT_RISK
INV002166,6,99.2,248.0,88421,AT_RISK
INV001367,6,99.0,222.0,71798,AT_RISK
INV001491,6,98.8,260.0,37904,AT_RISK
INV004454,6,98.4,311.0,64506,AT_RISK
INV002873,6,98.2,235.0,103488,AT_RISK
INV003684,6,98.2,229.0,50536,AT_RISK
INV001769,6,98.0,166.0,28957,AT_RISK
INV001237,6,98.0,182.0,66778,AT_RISK
INV000437,6,97.8,295.0,32739,AT_RISK
INV001141,6,97.6,132.0,34460,AT_RISK
INV001304,6,97.6,177.0,127605,AT_RISK
INV002558,6,97.6,297.0,52002,AT_RISK
INV000318,6,97.4,175.0,69726,AT_RISK
INV004143,6,97.0,280.0,61426,AT_RISK
INV001070,6,97.0,329.0,103923,AT_RISK
INV001190,6,97.0,198.0,45744,AT_RISK
INV002395,6,97.0,225.0,58610,AT_RISK
INV000380,6,97.0,272.0,72700,AT_RISK
INV002912,6,97.0,342.0,82487,AT_RISK
INV001013,6,96.8,164.0,81838,AT_RISK
INV003649,6,96.8,195.0,86339,AT_RISK
INV003193,6,96.6,294.0,65353,AT_RISK
INV003686,6,96.6,328.0,70889,AT_RISK
INV003234,6,96.6,188.0,45926,AT_RISK
INV004625,6,96.4,246.0,78521,AT_RISK
INV001891,6,96.4,261.0,22169,AT_RISK
INV001167,6,96.2,207.0,78024,AT_RISK
INV000549,6,96.2,146.0,86784,AT_RISK
INV000335,6,96.0,279.0,68848,AT_RISK
INV002883,6,96.0,176.0,127978,AT_RISK
INV003473,6,95.8,213.0,40058,AT_RISK
INV001809,6,95.6,249.0,66937,AT_RISK
INV002463,6,95.4,236.0,43792,AT_RISK
INV002372,6,95.2,133.0,55170,AT_RISK
INV002560,6,95.2,155.0,25934,AT_RISK
INV003996,6,95.2,244.0,97507,AT_RISK
INV003645,6,95.2,257.0,18205,AT_RISK
INV001772,6,95.0,184.0,113146,AT_RISK
INV000491,6,95.0,202.0,43008,AT_RISK
INV004463,6,94.8,211.0,77554,AT_RISK
INV000214,6,94.8,306.0,67357,AT_RISK
INV002348,6,94.4,166.0,43335,AT_RISK
INV000663,6,94.4,247.0,83316,AT_RISK
INV001331,6,94.2,202.0,31343,AT_RISK
INV000814,6,94.0,195.0,111708,AT_RISK
INV002594,6,94.0,244.0,98891,AT_RISK
INV000339,6,94.0,195.0,74556,AT_RISK
INV000651,6,94.0,304.0,34381,AT_RISK
INV001602,6,93.8,294.0,66310,AT_RISK
INV004704,6,93.8,141.0,86091,AT_RISK
INV000652,6,93.8,262.0,34837,AT_RISK
INV001005,6,93.6,206.0,74535,AT_RISK
INV000238,6,93.6,287.0,146422,AT_RISK
INV000028,6,93.6,238.0,84262,AT_RISK
INV004181,6,93.4,245.0,151759,AT_RISK
INV004738,6,93.2,148.0,47110,AT_RISK
INV001055,6,93.2,177.0,77109,AT_RISK
INV003985,6,93.0,191.0,25396,AT_RISK
INV001545,6,92.8,208.0,85986,AT_RISK
INV000673,6,92.8,235.0,145533,AT_RISK
INV000087,6,92.8,202.0,105288,AT_RISK
INV000737,6,92.6,168.0,146341,AT_RISK
INV003683,6,92.4,165.0,85416,AT_RISK
INV001316,6,92.4,198.0,14835,AT_RISK
INV003350,6,92.4,191.0,27929,AT_RISK
INV003968,6,92.4,209.0,55226,AT_RISK
INV001196,6,92.2,169.0,61840,AT_RISK
INV001287,6,92.2,157.0,74519,AT_RISK
INV000245,6,92.2,164.0,46023,AT_RISK
INV001623,6,92.0,188.0,62993,AT_RISK
INV000217,6,92.0,183.0,44146,AT_RISK
INV002138,6,91.8,189.0,20298,AT_RISK
INV000076,6,91.8,203.0,50910,AT_RISK
INV003112,6,91.6,173.0,68105,AT_RISK
INV002418,6,91.6,128.0,34952,AT_RISK
INV003718,6,91.4,284.0,81262,AT_RISK
INV000457,6,91.4,256.0,32725,AT_RISK
INV003028,6,91.4,183.0,77674,AT_RISK
INV003437,6,91.2,226.0,43627,AT_RISK
INV000862,6,91.2,372.0,119139,AT_RISK
INV000950,6,91.0,215.0,37182,AT_RISK
INV002984,6,91.0,200.0,49158,AT_RISK
INV003492,6,90.8,162.0,39990,AT_RISK
INV004421,6,90.8,221.0,74958,AT_RISK
INV000297,6,90.6,163.0,22338,AT_RISK
INV004392,6,90.4,200.0,140197,AT_RISK
INV003604,6,90.2,188.0,71928,AT_RISK
INV002090,6,90.2,231.0,38375,AT_RISK
INV003545,6,90.0,210.0,34569,AT_RISK
INV000783,6,89.8,187.0,138175,AT_RISK
INV002903,6,89.6,176.0,34145,AT_RISK
INV002606,6,89.6,248.0,73666,AT_RISK
INV003936,6,89.6,227.0,111274,AT_RISK
INV002154,6,89.4,175.0,42587,AT_RISK
INV003260,6,89.4,247.0,66384,AT_RISK
INV000145,6,89.4,282.0,127034,AT_RISK
INV001741,6,89.4,260.0,94729,AT_RISK
INV002547,6,89.0,181.0,19927,AT_RISK
INV000291,6,89.0,196.0,76178,AT_RISK
INV003521,6,89.0,183.0,46547,AT_RISK
INV003329,6,89.0,230.0,113204,AT_RISK
INV003733,6,88.8,174.0,14893,AT_RISK
INV001418,6,88.6,187.0,27688,AT_RISK
INV000597,6,88.6,198.0,82488,AT_RISK
INV000710,6,88.6,264.0,62975,AT_RISK
INV001997,6,88.6,168.0,23078,AT_RISK
INV001641,6,88.4,168.0,77129,AT_RISK
INV000243,6,88.2,137.0,58145,AT_RISK
INV002743,6,88.2,190.0,40865,AT_RISK
INV004146,6,88.2,253.0,87690,AT_RISK
INV003526,6,88.2,224.0,30478,AT_RISK
INV002434,6,88.2,217.0,38421,AT_RISK
INV000133,6,88.2,265.0,74695,AT_RISK
INV004015,6,88.0,190.0,9734,AT_RISK
INV003868,6,87.6,264.0,104999,AT_RISK
INV004127,6,87.6,190.0,24949,AT_RISK
INV002586,6,87.2,168.0,73304,AT_RISK
INV004523,6,87.2,127.0,50318,AT_RISK
INV004247,6,87.2,274.0,72050,AT_RISK
INV004913,6,87.0,156.0,93099,AT_RISK
INV001954,6,86.8,273.0,38164,AT_RISK
INV003744,6,86.8,187.0,23676,AT_RISK
INV000418,6,86.8,238.0,113497,AT_RISK
INV004517,6,86.6,185.0,23579,AT_RISK
INV004174,6,86.6,195.0,189509,AT_RISK
INV003344,6,86.6,190.0,30966,AT_RISK
INV002989,6,86.6,182.0,97001,AT_RISK
INV003095,6,86.6,175.0,64248,AT_RISK
INV000625,6,86.4,134.0,23397,AT_RISK
INV001912,6,86.4,256.0,72585,AT_RISK
INV001507,6,86.2,167.0,24004,AT_RISK
INV002476,6,86.0,235.0,74851,AT_RISK
INV001419,6,85.8,137.0,67428,AT_RISK
INV001982,6,85.8,289.0,118849,AT_RISK
INV003376,6,85.8,199.0,80609,AT_RISK
INV002872,6,85.6,199.0,46749,AT_RISK
INV003958,6,85.6,133.0,67157,AT_RISK
INV000004,6,85.4,265.0,48256,AT_RISK
INV003865,7,85.2,235.0,47194,AT_RISK
INV003262,6,85.2,162.0,140022,AT_RISK
INV000299,6,85.2,240.0,45557,AT_RISK
INV002627,6,85.0,182.0,40609,AT_RISK
INV002284,6,85.0,277.0,113616,AT_RISK
INV004123,6,85.0,138.0,74440,AT_RISK
INV001317,6,84.8,162.0,29592,AT_RISK
INV002001,6,84.8,335.0,35997,AT_RISK
INV000836,6,84.8,123.0,127974,AT_RISK
INV004308,7,84.7,244.0,78626,AT_RISK
INV002961,7,84.7,231.0,116671,AT_RISK
INV003422,7,84.7,167.0,84910,AT_RISK
INV004434,6,84.6,156.0,79432,AT_RISK
INV003247,6,84.6,206.0,94982,AT_RISK
INV000747,6,84.6,205.0,86939,AT_RISK
INV003427,6,84.2,266.0,117717,AT_RISK
INV004598,6,84.2,195.0,57630,AT_RISK
INV003972,6,84.2,224.0,128157,AT_RISK
INV001718,6,84.0,237.0,151909,AT_RISK
INV002038,6,84.0,202.0,89042,AT_RISK
INV004451,6,84.0,137.0,88776,AT_RISK
INV004562,6,83.8,158.0,22466,AT_RISK
INV002681,7,83.7,161.0,77813,AT_RISK
INV000175,7,83.7,170.0,71320,AT_RISK
INV000543,7,83.7,218.0,162711,AT_RISK
INV000701,7,83.7,298.0,51486,AT_RISK
INV000082,7,83.7,351.0,27594,AT_RISK
INV004692,6,83.6,190.0,68610,AT_RISK
INV001689,6,83.6,153.0,59823,AT_RISK
INV001206,6,83.6,190.0,76395,AT_RISK
INV004763,7,83.5,184.0,49983,AT_RISK
INV001569,6,83.4,314.0,84525,AT_RISK
INV004665,6,83.4,137.0,28833,AT_RISK
INV001961,6,83.4,234.0,87250,AT_RISK
INV000103,6,83.4,232.0,20675,AT_RISK
INV002417,7,83.3,190.0,126729,AT_RISK
INV001978,6,83.2,112.0,33387,AT_RISK
INV000396,6,83.2,153.0,46049,AT_RISK
INV001699,6,83.2,183.0,103956,AT_RISK
INV003231,7,83.0,253.0,61212,AT_RISK
INV000759,7,83.0,156.0,44038,AT_RISK
INV001041,7,83.0,195.0,72624,AT_RISK
INV004314,6,83.0,195.0,112485,AT_RISK
INV004764,6,83.0,144.0,35426,AT_RISK
INV000072,6,83.0,247.0,49372,AT_RISK
INV002134,7,82.7,180.0,29028,AT_RISK
INV003144,7,82.5,243.0,54671,AT_RISK
INV003014,6,82.4,144.0,203009,AT_RISK
INV003480,6,82.4,211.0,37752,AT_RISK
INV000407,6,82.4,157.0,112123,AT_RISK
INV002835,7,82.3,233.0,66597,AT_RISK
INV002909,7,82.3,263.0,78147,AT_RISK
INV004412,7,82.3,173.0,52390,AT_RISK
INV002495,6,82.2,174.0,64609,AT_RISK
INV003813,6,82.2,122.0,64566,AT_RISK
INV000128,6,82.0,181.0,38273,AT_RISK
INV003896,6,82.0,255.0,42369,AT_RISK
INV004216,7,82.0,195.0,67522,AT_RISK
INV001691,6,82.0,254.0,40648,AT_RISK
INV002567,6,82.0,127.0,51780,AT_RISK
INV001251,6,82.0,223.0,142919,AT_RISK
INV002769,7,82.0,141.0,149870,AT_RISK
INV004845,6,81.8,197.0,90582,AT_RISK
INV003757,7,81.8,156.0,54152,AT_RISK
INV004293,6,81.8,142.0,112638,AT_RISK
INV004367,6,81.6,194.0,144139,AT_RISK
INV004992,7,81.5,176.0,71260,AT_RISK
INV003222,7,81.5,190.0,46924,AT_RISK
INV000599,7,81.5,171.0,103758,AT_RISK
INV003713,7,81.5,161.0,123416,AT_RISK
INV004457,6,81.4,188.0,76498,AT_RISK
INV001115,6,81.4,290.0,51387,AT_RISK
INV002809,6,81.4,276.0,27992,AT_RISK
INV000081,7,81.3,167.0,54704,AT_RISK
INV004986,7,81.3,185.0,68422,AT_RISK
INV002070,7,81.3,118.0,70993,AT_RISK
INV001690,7,81.2,114.0,62532,AT_RISK
INV000724,6,81.2,227.0,33281,AT_RISK
INV001310,6,81.2,232.0,48861,AT_RISK
INV003825,6,81.2,99.0,81324,AT_RISK
INV002758,6,81.0,263.0,100322,AT_RISK
INV004452,7,81.0,180.0,122309,AT_RISK
INV003151,6,81.0,146.0,38290,AT_RISK
INV003310,6,80.8,154.0,33878,AT_RISK
INV004650,6,80.8,143.0,52840,AT_RISK
INV001923,7,80.7,106.0,42011,AT_RISK
INV002466,7,80.7,270.0,96619,AT_RISK
INV002761,6,80.6,312.0,61101,AT_RISK
INV000545,6,80.6,181.0,48548,AT_RISK
INV001548,6,80.6,197.0,71244,AT_RISK
INV001434,6,80.6,178.0,73116,AT_RISK
INV001482,6,80.6,280.0,84250,AT_RISK
INV002684,6,80.6,266.0,81047,AT_RISK
INV004364,6,80.6,173.0,29363,AT_RISK
INV001161,6,80.6,159.0,146262,AT_RISK
INV004877,7,80.5,276.0,74162,AT_RISK
INV003562,7,80.5,165.0,77371,AT_RISK
INV003196,7,80.3,319.0,34448,AT_RISK
INV000888,7,80.3,166.0,98413,AT_RISK
INV002101,6,80.2,248.0,71140,AT_RISK
INV003709,6,80.2,181.0,52354,AT_RISK
INV003685,6,80.2,132.0,142912,AT_RISK
INV002828,6,80.0,211.0,24496,AT_RISK
INV000926,6,80.0,111.0,67012,AT_RISK
INV001332,7,80.0,179.0,56992,AT_RISK
INV002700,7,79.8,140.0,40488,AT_RISK
INV000979,6,79.8,115.0,141450,AT_RISK
INV004271,6,79.8,157.0,65605,AT_RISK
INV001178,7,79.7,140.0,37864,AT_RISK
INV001797,7,79.7,132.0,45355,AT_RISK
INV003712,6,79.6,163.0,64551,AT_RISK
INV004614,6,79.6,117.0,64197,AT_RISK
INV003037,7,79.5,300.0,42399,AT_RISK
INV001428,6,79.4,174.0,72032,AT_RISK
INV004896,6,79.4,252.0,125806,AT_RISK
INV002574,6,79.4,139.0,98204,AT_RISK
INV001969,6,79.2,163.0,22578,AT_RISK
INV004804,6,79.2,137.0,105080,AT_RISK
INV001356,6,79.2,191.0,39847,AT_RISK
INV003060,7,79.0,135.0,69534,AT_RISK
INV001550,7,79.0,191.0,85924,AT_RISK
INV001472,6,79.0,141.0,119937,AT_RISK
INV003395,6,79.0,192.0,56160,AT_RISK
INV003660,6,79.0,164.0,67446,AT_RISK
INV003705,6,78.8,152.0,114828,AT_RISK
INV003633,6,78.8,119.0,123491,AT_RISK
INV003811,7,78.7,141.0,133025,AT_RISK
INV003054,7,78.7,209.0,76249,AT_RISK
INV001376,7,78.7,181.0,66059,AT_RISK
INV001333,7,78.7,185.0,11779,AT_RISK
INV001651,7,78.7,130.0,162293,AT_RISK
INV002051,6,78.6,159.0,101112,AT_RISK
INV003710,6,78.6,118.0,86512,AT_RISK
INV002429,6,78.6,216.0,95082,AT_RISK
INV001744,7,78.5,155.0,84479,AT_RISK
INV001375,7,78.5,176.0,46716,AT_RISK
INV004860,6,78.4,189.0,42106,AT_RISK
INV004196,7,78.3,219.0,129129,AT_RISK
INV000581,7,78.3,160.0,58863,AT_RISK
INV003593,6,78.2,166.0,94754,AT_RISK
INV004633,7,78.2,189.0,67555,AT_RISK
INV002119,6,78.0,195.0,82710,AT_RISK
INV002155,6,78.0,190.0,24270,AT_RISK
INV002240,7,77.8,266.0,28229,AT_RISK
INV000499,7,77.8,157.0,127344,AT_RISK
INV002260,6,77.8,235.0,43224,AT_RISK
INV004324,7,77.7,173.0,66304,AT_RISK
INV004688,6,77.6,181.0,25122,AT_RISK
INV003876,6,77.6,160.0,105794,AT_RISK
INV003556,6,77.6,129.0,37784,AT_RISK
INV002582,6,77.4,173.0,18333,AT_RISK
INV003161,6,77.4,118.0,45870,AT_RISK
INV000195,6,77.4,114.0,21739,AT_RISK
INV001092,7,77.3,186.0,75632,AT_RISK
INV000429,6,77.2,187.0,117284,AT_RISK
INV003672,6,77.2,180.0,129739,AT_RISK
INV003736,7,77.2,120.0,58959,AT_RISK
INV003849,6,77.2,146.0,155813,AT_RISK
INV001220,7,77.2,104.0,18410,AT_RISK
INV000392,7,77.2,205.0,39530,AT_RISK
INV002671,7,77.2,163.0,121426,AT_RISK
INV004191,7,77.2,310.0,45090,AT_RISK
INV002351,6,77.2,204.0,66039,AT_RISK
INV000803,7,77.2,147.0,75412,AT_RISK
INV000539,7,77.0,153.0,107371,AT_RISK
INV000363,7,77.0,153.0,59677,AT_RISK
INV002628,6,77.0,322.0,42616,AT_RISK
INV001400,6,76.8,266.0,111893,AT_RISK
INV003134,7,76.8,172.0,111805,AT_RISK
INV001130,7,76.8,131.0,139695,AT_RISK
INV004468,7,76.8,154.0,84516,AT_RISK
INV003191,6,76.8,138.0,31967,AT_RISK
INV003697,7,76.7,163.0,97774,AT_RISK
INV002622,7,76.7,244.0,64167,AT_RISK
INV002724,6,76.6,187.0,94701,AT_RISK
INV002859,7,76.5,198.0,102010,AT_RISK
INV003779,6,76.4,160.0,17001,AT_RISK
INV002327,6,76.4,215.0,17936,AT_RISK
INV003531,6,76.4,185.0,71480,AT_RISK
INV002531,7,76.3,182.0,30854,AT_RISK
INV004865,7,76.3,143.0,103440,AT_RISK
INV002786,7,76.3,124.0,94391,AT_RISK
INV000563,7,76.3,198.0,59358,AT_RISK
INV001291,6,76.2,181.0,118076,AT_RISK
INV000138,6,76.2,220.0,156066,AT_RISK
INV004285,7,76.2,169.0,92708,AT_RISK
INV001870,7,76.0,164.0,151119,AT_RISK
INV001955,6,76.0,199.0,80106,AT_RISK
INV002852,6,75.8,207.0,72731,AT_RISK
INV003696,6,75.8,190.0,110522,AT_RISK
INV000310,7,75.8,164.0,46368,AT_RISK
INV002674,6,75.8,153.0,109896,AT_RISK
INV002256,6,75.6,115.0,86659,AT_RISK
INV004636,6,75.6,160.0,130293,AT_RISK
INV000920,6,75.6,220.0,97652,AT_RISK
INV003592,6,75.6,202.0,69765,AT_RISK
INV004916,7,75.5,162.0,93354,AT_RISK
INV000014,7,75.3,128.0,140315,AT_RISK
INV004984,7,75.3,177.0,94301,AT_RISK
INV000761,7,75.2,173.0,115474,AT_RISK
INV004066,7,75.2,319.0,60661,AT_RISK
INV003379,7,75.2,268.0,53335,AT_RISK
INV000635,6,75.0,240.0,30163,AT_RISK
INV000779,6,75.0,153.0,12215,AT_RISK
INV001579,7,75.0,193.0,133855,AT_RISK
INV000075,6,74.8,102.0,147761,AT_RISK
INV000056,6,74.8,161.0,60977,AT_RISK
INV003074,6,74.8,123.0,78967,AT_RISK
INV002186,7,74.8,167.0,110455,AT_RISK
INV002543,7,74.7,116.0,90368,AT_RISK
INV003720,6,74.6,116.0,23110,AT_RISK
INV002010,6,74.6,103.0,111364,AT_RISK
INV004037,6,74.6,137.0,45922,AT_RISK
INV002521,6,74.6,206.0,46638,AT_RISK
INV002772,7,74.5,168.0,59984,AT_RISK
INV003448,7,74.5,200.0,22057,AT_RISK
INV004502,7,74.5,165.0,66742,AT_RISK
INV000562,6,74.4,197.0,48292,AT_RISK
INV002863,6,74.4,199.0,64141,AT_RISK
INV001180,6,74.4,198.0,104216,AT_RISK
INV003267,6,74.4,197.0,20825,AT_RISK
INV001943,6,74.4,171.0,63792,AT_RISK
INV003514,6,74.2,172.0,90699,AT_RISK
INV000593,6,74.2,179.0,31078,AT_RISK
INV002342,6,74.2,212.0,43134,AT_RISK
INV002643,6,74.2,229.0,32343,AT_RISK
INV003785,6,74.2,160.0,113979,AT_RISK
INV003040,6,74.0,194.0,51162,AT_RISK
INV004716,7,74.0,197.0,67590,AT_RISK
INV003775,6,74.0,151.0,112218,AT_RISK
INV004069,6,74.0,196.0,46504,AT_RISK
INV003484,6,73.8,333.0,108256,AT_RISK
INV003435,7,73.8,140.0,94339,AT_RISK
INV003043,7,73.8,131.0,78142,AT_RISK
INV000774,7,73.7,169.0,83715,AT_RISK
INV002913,7,73.7,168.0,83828,AT_RISK
INV004005,7,73.7,314.0,105889,AT_RISK
INV002236,7,73.7,119.0,38246,AT_RISK
INV002006,6,73.6,157.0,56278,AT_RISK
INV002706,6,73.6,133.0,69684,AT_RISK
INV004091,6,73.6,240.0,18538,AT_RISK
INV002827,6,73.6,200.0,31630,AT_RISK
INV004403,6,73.6,150.0,14286,AT_RISK
INV002150,6,73.6,216.0,57183,AT_RISK
INV004847,7,73.5,281.0,51384,AT_RISK
INV000873,7,73.5,299.0,44839,AT_RISK
INV000540,7,73.5,123.0,78276,AT_RISK
INV003314,7,73.5,210.0,179149,AT_RISK
INV000319,7,73.5,201.0,40143,AT_RISK
INV000974,7,73.5,143.0,40022,AT_RISK
INV003430,6,73.4,104.0,54715,AT_RISK
INV004208,6,73.4,156.0,57000,AT_RISK
INV003034,6,73.4,118.0,92731,AT_RISK
INV000466,7,73.3,135.0,125151,AT_RISK
INV001274,7,73.3,161.0,56609,AT_RISK
INV004473,7,73.3,152.0,39115,AT_RISK
INV004958,7,73.2,135.0,146343,AT_RISK
INV000444,6,73.2,129.0,76737,AT_RISK
INV003424,7,73.2,124.0,60522,AT_RISK
INV004119,6,73.2,237.0,82689,AT_RISK
INV001454,7,73.0,176.0,37667,AT_RISK
INV002177,7,73.0,330.0,93321,AT_RISK
INV000161,7,73.0,213.0,44287,AT_RISK
INV002905,6,73.0,221.0,41724,AT_RISK
INV004770,8,72.9,146.0,133901,AT_RISK
INV000719,7,72.8,185.0,131252,AT_RISK
INV001831,6,72.8,181.0,47766,AT_RISK
INV000321,7,72.8,204.0,91225,AT_RISK
INV004288,7,72.8,223.0,56841,AT_RISK
INV002420,6,72.8,107.0,54588,AT_RISK
INV002891,8,72.7,166.0,91856,AT_RISK
INV003702,7,72.7,118.0,99074,AT_RISK
INV000074,8,72.6,191.0,106669,AT_RISK
INV003815,7,72.5,217.0,67344,AT_RISK
INV001683,7,72.5,186.0,80088,AT_RISK
INV001359,7,72.5,313.0,109856,AT_RISK
INV004349,7,72.5,159.0,148067,AT_RISK
INV002458,6,72.4,232.0,80628,AT_RISK
INV003380,6,72.4,155.0,35744,AT_RISK
INV001023,8,72.4,202.0,38036,AT_RISK
INV004357,8,72.4,305.0,52555,AT_RISK
INV002750,6,72.4,254.0,54778,AT_RISK
INV003793,7,72.3,203.0,134386,AT_RISK
INV004741,7,72.3,157.0,75811,AT_RISK
INV004228,7,72.3,112.0,93293,AT_RISK
INV000754,7,72.3,103.0,97616,AT_RISK
INV004787,7,72.3,140.0,59162,AT_RISK
INV003336,7,72.3,133.0,134860,AT_RISK
INV003711,6,72.2,145.0,87930,AT_RISK
INV000830,6,72.2,165.0,77141,AT_RISK
INV003210,6,72.2,112.0,18851,AT_RISK
INV003580,7,72.2,227.0,64406,AT_RISK
INV002879,7,72.2,125.0,67219,AT_RISK
INV004147,6,72.2,136.0,66900,AT_RISK
INV001547,7,72.2,119.0,75405,AT_RISK
INV004581,8,72.1,234.0,22116,AT_RISK
INV003619,6,72.0,113.0,31477,AT_RISK
INV000553,6,72.0,172.0,54698,AT_RISK
INV002555,7,72.0,172.0,87655,AT_RISK
INV001625,6,72.0,209.0,15000,AT_RISK
INV004672,7,72.0,127.0,96541,AT_RISK
INV002315,7,71.8,174.0,71574,AT_RISK
INV000497,7,71.8,191.0,72087,AT_RISK
INV002824,7,71.8,223.0,129424,AT_RISK
INV001298,7,71.8,158.0,13160,AT_RISK
INV004038,7,71.7,207.0,197810,AT_RISK
INV002280,7,71.7,182.0,48070,AT_RISK
INV003885,6,71.6,281.0,81864,AT_RISK
INV000575,6,71.6,155.0,43192,AT_RISK
INV003897,6,71.6,144.0,83553,AT_RISK
INV003824,7,71.5,196.0,89175,AT_RISK
INV004761,6,71.4,139.0,42001,AT_RISK
INV002530,8,71.4,175.0,74111,AT_RISK
INV004589,6,71.4,225.0,114379,AT_RISK
INV003830,6,71.4,115.0,138223,AT_RISK
INV004232,6,71.4,232.0,31031,AT_RISK
INV001432,6,71.4,175.0,22656,AT_RISK
INV002208,7,71.3,142.0,113907,AT_RISK
INV004079,7,71.3,164.0,78640,AT_RISK
INV003693,7,71.3,234.0,102514,AT_RISK
INV001885,6,71.2,128.0,16314,AT_RISK
INV004179,6,71.2,129.0,81566,AT_RISK
INV003044,7,71.2,237.0,60913,AT_RISK
INV002107,8,71.1,298.0,100667,AT_RISK
INV004997,7,71.0,248.0,128346,AT_RISK
INV000132,6,71.0,139.0,88403,AT_RISK
INV003564,8,71.0,292.0,196080,AT_RISK
INV002219,8,70.9,166.0,41599,AT_RISK
INV003670,8,70.9,160.0,83061,AT_RISK
INV001223,7,70.8,175.0,81600,AT_RISK
INV002799,6,70.8,129.0,77732,AT_RISK
INV004925,7,70.8,105.0,51377,AT_RISK
INV004647,7,70.7,138.0,39400,AT_RISK
INV002732,8,70.7,151.0,96854,AT_RISK
INV003940,7,70.7,151.0,88836,AT_RISK
INV003658,8,70.7,143.0,44354,AT_RISK
INV000210,8,70.7,163.0,93572,AT_RISK
INV004889,7,70.7,159.0,65286,AT_RISK
INV002766,6,70.6,151.0,73612,AT_RISK
INV002736,6,70.6,323.0,64757,AT_RISK
INV000259,6,70.6,165.0,81938,AT_RISK
INV000045,6,70.6,109.0,114438,AT_RISK
INV003487,6,70.6,155.0,96051,AT_RISK
INV001351,7,70.5,208.0,146308,AT_RISK
INV000469,7,70.5,183.0,34180,AT_RISK
INV002182,7,70.5,148.0,127872,AT_RISK
INV002485,6,70.4,136.0,58588,AT_RISK
INV003607,6,70.4,253.0,24597,AT_RISK
INV002202,8,70.4,276.0,16013,AT_RISK
INV000008,6,70.4,165.0,72853,AT_RISK
INV000483,8,70.4,252.0,142115,AT_RISK
INV000507,7,70.2,249.0,58920,AT_RISK
INV002370,7,70.2,237.0,89876,AT_RISK
INV000554,6,70.2,171.0,56741,AT_RISK
INV003228,7,70.2,256.0,88333,AT_RISK
INV003745,6,70.2,183.0,26414,AT_RISK
INV000256,6,70.2,155.0,31902,AT_RISK
INV002373,8,70.1,154.0,177377,AT_RISK
INV003047,8,70.1,215.0,137083,AT_RISK
INV002640,7,70.0,153.0,66928,AT_RISK
INV002490,8,70.0,125.0,221876,AT_RISK
INV000304,7,70.0,204.0,79554,AT_RISK
INV004825,7,70.0,141.0,49187,AT_RISK
INV004401,8,69.9,216.0,104242,AT_RISK
INV000287,7,69.8,301.0,64351,AT_RISK
INV001242,6,69.8,128.0,26658,AT_RISK
INV004270,7,69.7,204.0,41505,AT_RISK
INV004661,8,69.7,181.0,73293,AT_RISK
INV001724,7,69.7,134.0,87580,AT_RISK
INV000440,8,69.6,162.0,33647,AT_RISK
INV003022,6,69.6,123.0,108990,AT_RISK
INV004780,7,69.5,154.0,69763,AT_RISK
INV000095,6,69.4,155.0,92823,AT_RISK
INV001026,6,69.4,132.0,51600,AT_RISK
INV001326,8,69.4,182.0,103082,AT_RISK
INV004212,7,69.3,169.0,131156,AT_RISK
INV001752,7,69.3,170.0,50982,AT_RISK
INV003078,7,69.2,126.0,55176,AT_RISK
INV003946,7,69.2,147.0,65153,AT_RISK
INV002232,7,69.2,174.0,105171,AT_RISK
INV000793,8,69.1,149.0,105129,AT_RISK
INV004871,8,69.1,170.0,163615,AT_RISK
INV001536,7,69.0,189.0,108107,AT_RISK
INV002034,8,69.0,166.0,75286,AT_RISK
INV000196,7,69.0,176.0,80685,AT_RISK
INV004413,8,69.0,142.0,86246,AT_RISK
INV003211,7,69.0,104.0,73285,AT_RISK
INV003673,8,68.9,160.0,63876,AT_RISK
INV003611,7,68.8,228.0,97349,AT_RISK
INV002019,6,68.8,117.0,50866,AT_RISK
INV000630,7,68.7,161.0,55182,AT_RISK
INV003962,8,68.7,302.0,199896,AT_RISK
INV001021,7,68.7,186.0,54295,AT_RISK
INV004959,6,68.6,193.0,32047,AT_RISK
INV003880,8,68.6,193.0,52016,AT_RISK
INV001401,6,68.6,197.0,39421,AT_RISK
INV002228,6,68.6,109.0,75215,AT_RISK
INV001921,8,68.6,225.0,94294,AT_RISK
INV003912,6,68.6,195.0,11911,AT_RISK
INV003707,6,68.6,152.0,152934,AT_RISK
INV000039,6,68.6,129.0,99338,AT_RISK
INV001238,7,68.5,220.0,45560,AT_RISK
INV003844,7,68.5,197.0,80033,AT_RISK
INV000427,7,68.5,116.0,106145,AT_RISK
INV002121,7,68.5,197.0,69342,AT_RISK
INV000263,8,68.4,271.0,157678,AT_RISK
INV001715,8,68.3,188.0,103613,AT_RISK
INV004640,7,68.3,202.0,41628,AT_RISK
INV002357,7,68.3,240.0,77648,AT_RISK
INV004085,7,68.3,260.0,104748,AT_RISK
INV001329,6,68.2,97.0,60331,AT_RISK
INV002735,7,68.2,136.0,88635,AT_RISK
INV001170,6,68.2,119.0,70673,AT_RISK
INV003978,8,68.1,209.0,45310,AT_RISK
INV001415,8,68.1,173.0,48063,AT_RISK
INV003352,8,68.1,279.0,113976,AT_RISK
INV000283,6,68.0,195.0,24362,AT_RISK
INV003598,8,68.0,114.0,28496,AT_RISK
INV004863,7,68.0,220.0,35988,AT_RISK
INV002746,8,68.0,206.0,48769,AT_RISK
INV000667,6,68.0,134.0,117715,AT_RISK
INV003724,7,68.0,169.0,80168,AT_RISK
INV003458,8,67.9,206.0,35913,AT_RISK
INV004175,8,67.9,133.0,89272,AT_RISK
INV000169,7,67.8,145.0,48708,AT_RISK
INV002218,6,67.8,181.0,78519,AT_RISK
INV004475,7,67.8,87.0,82023,AT_RISK
INV003518,6,67.8,157.0,38843,AT_RISK
INV002187,7,67.8,221.0,51698,AT_RISK
INV004340,6,67.8,252.0,48935,AT_RISK
INV004641,6,67.8,105.0,64235,AT_RISK
INV002153,7,67.8,194.0,28131,AT_RISK
INV004070,7,67.7,170.0,33039,AT_RISK
INV003205,7,67.7,111.0,50635,AT_RISK
INV001606,7,67.7,148.0,95656,AT_RISK
INV003741,7,67.7,159.0,55275,AT_RISK
INV003223,8,67.7,331.0,115743,AT_RISK
INV003795,7,67.7,122.0,58273,AT_RISK
INV003981,7,67.7,237.0,81844,AT_RISK
INV000725,7,67.7,92.0,89962,AT_RISK
INV003252,6,67.6,192.0,102990,AT_RISK
INV001645,6,67.6,202.0,48283,AT_RISK
INV004547,7,67.5,165.0,31048,AT_RISK
INV003230,7,67.5,251.0,59960,AT_RISK
INV003141,7,67.5,225.0,87927,AT_RISK
INV000949,7,67.5,135.0,49784,AT_RISK
INV001629,7,67.5,82.0,34149,AT_RISK
INV001181,8,67.4,163.0,91218,AT_RISK
INV003613,8,67.4,283.0,85140,AT_RISK
INV000833,8,67.3,182.0,88699,AT_RISK
INV002497,8,67.3,152.0,105613,AT_RISK
INV002277,7,67.3,127.0,58558,AT_RISK
INV000570,8,67.3,186.0,136242,AT_RISK
INV001163,7,67.3,255.0,33877,AT_RISK
INV004953,7,67.2,138.0,50981,AT_RISK
INV002557,7,67.2,264.0,32589,AT_RISK
INV002937,7,67.2,184.0,137371,AT_RISK
INV003916,6,67.2,114.0,84860,AT_RISK
INV004128,6,67.2,156.0,95704,AT_RISK
INV000236,8,67.1,112.0,112217,AT_RISK
INV001282,6,67.0,196.0,50374,AT_RISK
INV003506,7,67.0,132.0,27834,AT_RISK
INV003641,8,67.0,219.0,91123,AT_RISK
INV001987,7,67.0,241.0,101651,AT_RISK
INV001017,6,67.0,142.0,27846,AT_RISK
INV003000,7,67.0,137.0,54577,AT_RISK
INV001173,6,67.0,146.0,58382,AT_RISK
INV003113,8,66.9,159.0,115572,AT_RISK
INV003920,8,66.9,132.0,110581,AT_RISK
INV000146,6,66.8,171.0,88618,AT_RISK
INV001510,7,66.8,124.0,113185,AT_RISK
INV000578,7,66.8,164.0,91996,AT_RISK
INV000607,7,66.7,209.0,38693,AT_RISK
INV001275,7,66.7,140.0,51676,AT_RISK
INV004844,7,66.7,118.0,25433,AT_RISK
INV004203,8,66.6,113.0,70384,AT_RISK
INV001712,6,66.6,144.0,66274,AT_RISK
INV003117,8,66.6,115.0,74326,AT_RISK
INV000691,6,66.4,163.0,50363,AT_RISK
INV003557,6,66.4,156.0,49343,AT_RISK
INV002178,8,66.4,236.0,66309,AT_RISK
INV003083,6,66.4,169.0,38189,AT_RISK
INV000414,8,66.3,233.0,95455,AT_RISK
INV004926,8,66.3,133.0,93001,AT_RISK
INV001929,6,66.2,242.0,67484,AT_RISK
INV001047,7,66.2,142.0,52894,AT_RISK
INV001039,6,66.2,187.0,19840,AT_RISK
INV000415,7,66.2,128.0,42775,AT_RISK
INV004785,7,66.2,248.0,54819,AT_RISK
INV004145,6,66.2,144.0,27711,AT_RISK
INV000844,7,66.2,151.0,48647,AT_RISK
INV001694,8,66.1,144.0,146945,AT_RISK
INV000662,8,66.1,185.0,34238,AT_RISK
INV000645,6,66.0,127.0,26646,AT_RISK
INV000777,6,66.0,121.0,20946,AT_RISK
INV002602,8,66.0,151.0,95414,AT_RISK
INV001336,8,65.9,198.0,94852,AT_RISK
INV000079,6,65.8,90.0,42160,AT_RISK
INV004446,6,65.8,170.0,58236,AT_RISK
INV001711,7,65.8,189.0,26390,AT_RISK
INV002563,6,65.8,114.0,18179,AT_RISK
INV002241,7,65.7,124.0,40838,AT_RISK
INV003479,8,65.7,164.0,90730,AT_RISK
INV000887,7,65.7,268.0,115877,AT_RISK
INV001644,6,65.6,89.0,123765,AT_RISK
INV002711,8,65.6,230.0,73628,AT_RISK
INV003511,8,65.6,183.0,71560,AT_RISK
INV002632,8,65.6,180.0,70430,AT_RISK
INV003105,7,65.5,140.0,121433,AT_RISK
INV000177,8,65.4,278.0,51520,AT_RISK
INV004833,6,65.4,171.0,58795,AT_RISK
INV000869,6,65.4,100.0,29400,AT_RISK
INV000102,8,65.3,109.0,114074,AT_RISK
INV003766,8,65.3,192.0,94475,AT_RISK
INV000709,7,65.2,128.0,143724,AT_RISK
INV003185,6,65.2,116.0,78275,AT_RISK
INV000463,7,65.2,181.0,144163,AT_RISK
INV002159,6,65.0,104.0,57957,AT_RISK
INV002613,8,65.0,143.0,23849,AT_RISK
INV002585,6,65.0,124.0,46894,AT_RISK
INV002945,8,65.0,139.0,119666,AT_RISK
INV003089,6,65.0,107.0,72760,AT_RISK
INV002085,6,65.0,220.0,89035,AT_RISK
INV000101,8,65.0,197.0,112802,AT_RISK
INV002673,8,65.0,147.0,205287,AT_RISK
INV001587,7,65.0,144.0,72452,AT_RISK
INV004563,7,64.8,211.0,31702,AT_RISK
INV000010,6,64.8,139.0,32183,AT_RISK
INV003781,7,64.8,199.0,47391,AT_RISK
INV003300,6,64.8,219.0,92258,AT_RISK
INV003289,7,64.8,183.0,105165,AT_RISK
INV002803,7,64.8,176.0,32936,AT_RISK
INV000657,8,64.7,106.0,103388,AT_RISK
INV001008,7,64.7,191.0,63227,AT_RISK
INV001530,7,64.7,122.0,18100,AT_RISK
INV004631,8,64.7,109.0,69846,AT_RISK
INV001455,8,64.7,153.0,47113,AT_RISK
INV004332,8,64.7,149.0,22464,AT_RISK
INV004118,6,64.6,161.0,33694,AT_RISK
INV004629,8,64.6,175.0,146298,AT_RISK
INV002229,6,64.6,101.0,113731,AT_RISK
INV000591,7,64.5,112.0,15867,AT_RISK
INV002295,7,64.5,159.0,97348,AT_RISK
INV004646,7,64.5,158.0,73768,AT_RISK
INV004335,8,64.4,104.0,97637,AT_RISK
INV002510,7,64.3,176.0,83001,AT_RISK
INV002947,7,64.2,152.0,35512,AT_RISK
INV003011,7,64.2,154.0,49243,AT_RISK
INV002900,6,64.2,136.0,74395,AT_RISK
INV002779,6,64.2,151.0,120653,AT_RISK
INV003524,7,64.2,203.0,74739,AT_RISK
INV004299,8,64.1,175.0,79344,AT_RISK
INV000786,9,64.1,199.0,73859,AT_RISK
INV000734,8,64.0,180.0,108076,AT_RISK
INV002783,7,64.0,126.0,63570,AT_RISK
INV002675,8,63.9,138.0,104247,AT_RISK
INV000567,6,63.8,166.0,33277,AT_RISK
INV000994,6,63.8,167.0,55817,AT_RISK
INV004124,6,63.8,193.0,99942,AT_RISK
INV002211,7,63.8,109.0,75896,AT_RISK
INV004978,7,63.8,157.0,88463,AT_RISK
INV004911,7,63.7,97.0,86745,AT_RISK
INV003393,8,63.7,178.0,73545,AT_RISK
INV002143,8,63.6,148.0,73958,AT_RISK
INV001394,8,63.6,171.0,127115,AT_RISK
INV001778,8,63.6,283.0,54721,AT_RISK
INV002018,6,63.6,106.0,22792,AT_RISK
INV001865,7,63.5,145.0,37490,AT_RISK
INV002800,7,63.5,108.0,92767,AT_RISK
INV003279,9,63.4,147.0,155774,AT_RISK
INV002322,6,63.4,102.0,54669,AT_RISK
INV003370,7,63.3,206.0,82199,AT_RISK
INV000678,7,63.3,140.0,36623,AT_RISK
INV003787,9,63.2,178.0,87076,AT_RISK
INV002265,7,63.2,244.0,74670,AT_RISK
INV004967,6,63.2,112.0,35869,AT_RISK
INV004151,8,63.1,197.0,110790,AT_RISK
INV004172,8,63.0,196.0,93496,AT_RISK
INV004343,6,63.0,190.0,93065,AT_RISK
INV002453,7,63.0,87.0,76815,AT_RISK
INV001497,9,63.0,138.0,77902,AT_RISK
INV004576,6,63.0,132.0,20595,AT_RISK
INV000675,6,62.8,155.0,23160,AT_RISK
INV001837,7,62.8,157.0,75034,AT_RISK
INV003097,8,62.7,121.0,151274,AT_RISK
INV000289,8,62.7,142.0,81640,AT_RISK
INV000400,6,62.6,101.0,21256,AT_RISK
INV003169,6,62.6,178.0,31020,AT_RISK
INV002251,6,62.6,157.0,140754,AT_RISK
INV000205,8,62.6,193.0,72091,AT_RISK
INV001697,9,62.5,287.0,118132,AT_RISK
INV003905,7,62.5,103.0,70428,AT_RISK
INV004464,7,62.5,142.0,40228,AT_RISK
INV003357,6,62.4,100.0,56022,AT_RISK
INV000568,6,62.4,180.0,106953,AT_RISK
INV002111,8,62.4,123.0,84899,AT_RISK
INV003625,6,62.4,168.0,87326,AT_RISK
INV000646,7,62.3,138.0,76212,AT_RISK
INV000268,7,62.3,143.0,79605,AT_RISK
INV004009,8,62.3,87.0,107439,AT_RISK
INV002659,7,62.3,224.0,96575,AT_RISK
INV000874,9,62.1,149.0,38895,AT_RISK
INV001909,8,62.1,121.0,77716,AT_RISK
INV002196,8,62.1,115.0,123014,AT_RISK
INV004819,7,62.0,120.0,16931,AT_RISK
INV002570,7,62.0,150.0,26296,AT_RISK
INV004813,6,62.0,253.0,82203,AT_RISK
INV004014,9,61.9,182.0,90606,AT_RISK
INV002654,8,61.9,115.0,97131,AT_RISK
INV001551,6,61.8,131.0,18205,AT_RISK
INV000164,6,61.8,208.0,25253,AT_RISK
INV000180,6,61.8,229.0,15924,AT_RISK
INV004266,7,61.8,101.0,35786,AT_RISK
INV003257,6,61.8,139.0,145848,AT_RISK
INV003723,6,61.8,124.0,39630,AT_RISK
INV001117,8,61.7,137.0,53882,AT_RISK
INV002216,8,61.7,172.0,122472,AT_RISK
INV001802,7,61.7,151.0,99376,AT_RISK
INV002568,8,61.6,144.0,138384,AT_RISK
INV002826,6,61.6,91.0,16841,AT_RISK
INV002290,6,61.6,112.0,49049,AT_RISK
INV004450,6,61.6,153.0,134333,AT_RISK
INV004361,8,61.6,124.0,23906,AT_RISK
INV004125,9,61.6,142.0,109430,AT_RISK
INV004484,6,61.6,182.0,55149,AT_RISK
INV002722,6,61.4,178.0,36876,AT_RISK
INV004753,6,61.4,87.0,55874,AT_RISK
INV003913,8,61.4,136.0,52158,AT_RISK
INV003432,7,61.3,97.0,63809,AT_RISK
INV000854,9,61.2,170.0,149355,AT_RISK
INV003221,7,61.2,99.0,188581,AT_RISK
INV003271,7,61.2,157.0,38769,AT_RISK
INV002368,7,61.2,215.0,36706,AT_RISK
INV004755,7,61.2,181.0,46605,AT_RISK
INV004239,8,61.1,130.0,78887,AT_RISK
INV000163,8,61.0,80.0,58271,AT_RISK
INV003242,7,61.0,159.0,60420,AT_RISK
INV004411,6,61.0,111.0,72503,AT_RISK
INV003509,9,60.9,149.0,91824,AT_RISK
INV003215,7,60.8,105.0,30900,AT_RISK
INV000986,7,60.8,182.0,166388,AT_RISK
INV000441,6,60.8,151.0,45638,AT_RISK
INV000029,7,60.7,96.0,90012,AT_RISK
INV001605,8,60.6,136.0,161888,AT_RISK
INV001234,8,60.6,119.0,91103,AT_RISK
INV000939,8,60.6,154.0,69507,AT_RISK
INV002939,7,60.5,127.0,52116,AT_RISK
INV003457,7,60.5,117.0,75273,AT_RISK
INV003654,7,60.5,124.0,112702,AT_RISK
INV003708,7,60.5,104.0,27823,AT_RISK
INV004319,9,60.5,275.0,118001,AT_RISK
INV001140,6,60.4,125.0,39628,AT_RISK
INV002151,9,60.4,201.0,185290,AT_RISK
INV001937,8,60.4,253.0,52043,AT_RISK
INV001001,8,60.3,137.0,67731,AT_RISK
INV001950,7,60.2,134.0,88383,AT_RISK
INV002127,6,60.2,113.0,66425,AT_RISK
INV001355,6,60.2,187.0,41992,AT_RISK
INV001662,6,60.2,147.0,67445,AT_RISK
INV003862,7,60.2,184.0,64749,AT_RISK
INV001217,8,60.1,205.0,99061,AT_RISK
INV003273,8,60.1,134.0,195095,AT_RISK
INV004531,8,60.0,159.0,185354,AT_RISK
INV002369,6,60.0,136.0,142348,AT_RISK
INV004153,8,60.0,125.0,147218,AT_RISK
INV002319,7,60.0,123.0,77278,AT_RISK
INV001806,8,60.0,209.0,98260,AT_RISK
INV000768,8,60.0,124.0,81075,AT_RISK
INV001656,8,59.9,246.0,78037,AT_RISK
INV002804,8,59.9,209.0,50641,AT_RISK
INV000228,9,59.8,188.0,239176,AT_RISK
INV003214,6,59.8,170.0,58100,AT_RISK
INV004924,9,59.8,116.0,166708,AT_RISK
INV001458,7,59.8,101.0,78518,AT_RISK
INV002808,7,59.7,120.0,114782,AT_RISK
INV000123,7,59.7,142.0,113633,AT_RISK
INV000778,8,59.7,182.0,99237,AT_RISK
INV004602,9,59.6,242.0,105254,AT_RISK
INV000260,8,59.6,206.0,139633,AT_RISK
INV000893,7,59.5,147.0,93208,AT_RISK
INV001064,9,59.5,160.0,151648,AT_RISK
INV003146,9,59.5,283.0,116340,AT_RISK
INV003360,8,59.4,163.0,66401,AT_RISK
INV003372,6,59.4,118.0,31020,AT_RISK
INV003459,6,59.4,113.0,42636,AT_RISK
INV000776,8,59.4,116.0,40424,AT_RISK
INV000877,6,59.4,159.0,116062,AT_RISK
INV003301,9,59.4,113.0,183141,AT_RISK
INV002793,7,59.3,125.0,73091,AT_RISK
INV000371,8,59.3,147.0,71985,AT_RISK
INV004372,6,59.2,155.0,63764,AT_RISK
INV003627,7,59.2,152.0,16009,AT_RISK
INV001924,7,59.2,119.0,95896,AT_RISK
INV000907,6,59.2,139.0,26520,AT_RISK
INV000529,6,59.2,110.0,23027,AT_RISK
INV000589,9,59.1,90.0,69345,AT_RISK
INV004594,8,59.1,122.0,84370,AT_RISK
INV002401,8,59.1,125.0,30941,AT_RISK
INV002704,8,59.1,139.0,75458,AT_RISK
INV004956,8,59.1,155.0,51297,AT_RISK
INV003491,9,59.1,119.0,58181,AT_RISK
INV001235,9,59.0,161.0,125966,AT_RISK
INV003406,8,59.0,251.0,104922,AT_RISK
INV001803,6,59.0,127.0,29638,AT_RISK
INV003734,8,59.0,290.0,69855,AT_RISK
INV001680,9,58.9,200.0,47015,AT_RISK
INV001866,6,58.8,117.0,52342,AT_RISK
INV001927,6,58.8,91.0,42729,AT_RISK
INV001951,7,58.8,124.0,39840,AT_RISK
INV004099,6,58.8,174.0,82312,AT_RISK
INV004635,7,58.7,142.0,85919,AT_RISK
INV004477,8,58.7,180.0,32359,AT_RISK
INV000023,8,58.6,115.0,202529,AT_RISK
INV003528,9,58.6,186.0,143222,AT_RISK
INV002157,7,58.5,142.0,66010,AT_RISK
INV002737,8,58.4,104.0,102279,AT_RISK
INV002162,9,58.4,198.0,176674,AT_RISK
INV000827,8,58.3,122.0,46159,AT_RISK
INV000929,7,58.2,116.0,150139,AT_RISK
INV002994,7,58.2,142.0,109553,AT_RISK
INV003003,9,58.2,100.0,43344,AT_RISK
INV000403,6,58.2,90.0,74178,AT_RISK
INV004199,6,58.2,138.0,107979,AT_RISK
INV003187,9,58.2,244.0,51008,AT_RISK
INV004098,6,58.2,87.0,62582,AT_RISK
INV001599,6,58.2,133.0,52681,AT_RISK
INV001823,8,58.1,172.0,30886,AT_RISK
INV001116,9,58.1,194.0,74728,AT_RISK
INV001202,8,58.0,103.0,54919,AT_RISK
INV000194,7,58.0,109.0,61857,AT_RISK
INV000718,7,57.8,118.0,52719,AT_RISK
INV003063,7,57.8,112.0,27315,AT_RISK
INV000445,9,57.8,129.0,52898,AT_RISK
INV003851,7,57.8,121.0,110621,AT_RISK
INV002343,9,57.8,115.0,97388,AT_RISK
INV000173,7,57.7,165.0,78387,AT_RISK
INV003036,8,57.7,138.0,134774,AT_RISK
INV004983,7,57.7,128.0,172616,AT_RISK
INV002230,8,57.6,171.0,170960,AT_RISK
INV001777,9,57.6,156.0,115340,AT_RISK
INV001160,8,57.6,99.0,45043,AT_RISK
INV003075,8,57.4,128.0,169132,AT_RISK
INV003780,8,57.4,135.0,76001,AT_RISK
INV004776,9,57.4,145.0,81198,AT_RISK
INV003407,8,57.4,146.0,51571,AT_RISK
INV002415,8,57.4,110.0,96841,AT_RISK
INV001387,9,57.2,130.0,111470,AT_RISK
INV003219,6,57.2,86.0,111640,AT_RISK
INV001442,9,57.1,238.0,67217,AT_RISK
INV001631,6,57.0,101.0,9317,AT_RISK
INV002329,7,57.0,183.0,94661,AT_RISK
INV001137,7,57.0,120.0,35691,AT_RISK
INV000012,8,57.0,132.0,40139,AT_RISK
INV000105,8,57.0,87.0,86911,AT_RISK
INV004306,7,57.0,118.0,74056,AT_RISK
INV003140,8,57.0,125.0,47273,AT_RISK
INV004391,6,57.0,96.0,48086,AT_RISK
INV001516,6,56.8,85.0,106727,AT_RISK
INV001532,7,56.8,101.0,82757,AT_RISK
INV004715,7,56.8,169.0,95968,AT_RISK
INV001737,7,56.8,191.0,103141,AT_RISK
INV003308,9,56.8,141.0,133172,AT_RISK
INV000467,10,56.7,272.0,65408,AT_RISK
INV002838,8,56.7,116.0,85390,AT_RISK
INV003403,6,56.6,116.0,50522,AT_RISK
INV001585,6,56.6,182.0,61091,AT_RISK
INV003391,6,56.6,193.0,75689,AT_RISK
INV004063,8,56.6,167.0,82106,AT_RISK
INV001993,6,56.6,147.0,42253,AT_RISK
INV003478,9,56.6,195.0,135853,AT_RISK
INV000191,7,56.5,161.0,68656,AT_RISK
INV003374,7,56.5,128.0,49043,AT_RISK
INV002471,6,56.4,98.0,65355,AT_RISK
INV003178,6,56.4,84.0,39480,AT_RISK
INV000690,8,56.3,134.0,169171,AT_RISK
INV003945,7,56.3,175.0,109342,AT_RISK
INV003179,9,56.2,151.0,64309,AT_RISK
INV002794,7,56.2,111.0,62084,AT_RISK
INV001841,6,56.2,129.0,48729,AT_RISK
INV001383,8,56.1,117.0,80080,AT_RISK
INV000183,9,56.1,216.0,86040,AT_RISK
INV003748,8,56.1,182.0,41447,AT_RISK
INV002575,9,56.1,128.0,155419,AT_RISK
INV002360,9,56.1,129.0,147868,AT_RISK
INV004868,8,56.0,226.0,125207,AT_RISK
INV001654,7,56.0,137.0,108816,AT_RISK
INV003979,8,56.0,123.0,25613,AT_RISK
INV001597,7,56.0,165.0,99091,AT_RISK
INV004607,8,56.0,214.0,50699,AT_RISK
INV003475,9,56.0,155.0,75542,AT_RISK
INV000131,7,56.0,123.0,102201,AT_RISK
INV001053,8,55.9,116.0,46140,AT_RISK
INV001804,8,55.9,126.0,97734,AT_RISK
INV004891,8,55.9,128.0,122650,AT_RISK
INV004094,6,55.8,167.0,67103,AT_RISK
INV000547,6,55.8,140.0,37135,AT_RISK
INV000280,9,55.8,191.0,145194,AT_RISK
INV004106,6,55.8,151.0,127689,AT_RISK
INV000615,7,55.8,139.0,29577,AT_RISK
INV002025,7,55.8,92.0,52531,AT_RISK
INV002171,7,55.8,150.0,55736,AT_RISK
INV004243,8,55.7,131.0,88380,AT_RISK
INV002572,8,55.7,108.0,126760,AT_RISK
INV001564,8,55.7,157.0,74288,AT_RISK
INV000395,7,55.7,119.0,23004,AT_RISK
INV000843,6,55.6,102.0,49484,AT_RISK
INV002409,8,55.6,125.0,88823,AT_RISK
INV003158,9,55.6,138.0,95466,AT_RISK
INV001757,8,55.6,121.0,16121,AT_RISK
INV000093,7,55.5,91.0,141515,AT_RISK
INV000822,7,55.5,141.0,68933,AT_RISK
INV002942,9,55.5,180.0,85118,AT_RISK
INV002400,9,55.4,141.0,37008,AT_RISK
INV002361,6,55.4,198.0,123135,AT_RISK
INV001979,6,55.4,100.0,78262,AT_RISK
INV003398,8,55.4,140.0,47267,AT_RISK
INV002697,7,55.3,199.0,61207,AT_RISK
INV001102,7,55.3,87.0,87539,AT_RISK
INV000013,7,55.3,104.0,75613,AT_RISK
INV002767,7,55.3,145.0,54936,AT_RISK
INV001653,6,55.2,94.0,76639,AT_RISK
INV003892,10,55.2,114.0,134271,AT_RISK
INV004112,6,55.2,112.0,39234,AT_RISK
INV003139,7,55.2,133.0,79357,AT_RISK
INV004504,8,55.1,247.0,132537,AT_RISK
INV000789,8,55.1,225.0,110683,AT_RISK
INV003906,10,55.1,115.0,110358,AT_RISK
INV003189,9,55.1,198.0,34519,AT_RISK
INV001858,8,55.1,261.0,111198,AT_RISK
INV004973,9,55.0,99.0,90235,AT_RISK
INV000546,9,55.0,154.0,92002,AT_RISK
INV000524,7,55.0,91.0,118571,AT_RISK
INV001485,9,55.0,150.0,113230,AT_RISK
INV001871,7,55.0,101.0,104709,AT_RISK
INV004608,8,55.0,96.0,54558,AT_RISK
INV002033,7,55.0,123.0,43182,AT_RISK
INV004533,7,55.0,118.0,125539,AT_RISK
INV000894,6,55.0,105.0,36994,AT_RISK
INV004116,10,54.9,117.0,71428,AT_RISK
INV004642,6,54.8,232.0,80404,AT_RISK
INV000512,9,54.8,112.0,73426,AT_RISK
INV000641,6,54.8,126.0,92825,AT_RISK
INV003952,7,54.7,95.0,105758,AT_RISK
INV001971,8,54.7,87.0,96207,AT_RISK
INV003015,7,54.7,91.0,114153,AT_RISK
INV004901,6,54.6,96.0,148100,AT_RISK
INV004574,8,54.6,116.0,74831,AT_RISK
INV001308,9,54.6,147.0,145248,AT_RISK
INV004737,10,54.6,120.0,96021,AT_RISK
INV000372,7,54.5,121.0,89873,AT_RISK
INV001603,7,54.5,93.0,64051,AT_RISK
INV004521,7,54.5,76.0,106363,AT_RISK
INV003070,9,54.5,132.0,116790,AT_RISK
INV000097,7,54.5,183.0,155107,AT_RISK
INV000683,9,54.5,137.0,47678,AT_RISK
INV000356,6,54.4,157.0,72865,AT_RISK
INV000341,8,54.4,191.0,76460,AT_RISK
INV003586,8,54.3,113.0,138874,AT_RISK
INV004638,7,54.3,110.0,62637,AT_RISK
INV001504,9,54.2,134.0,131804,AT_RISK
INV001811,9,54.2,196.0,234390,AT_RISK
INV004621,9,54.2,203.0,102050,AT_RISK
INV002179,8,54.1,171.0,77276,AT_RISK
INV001051,8,54.1,139.0,57451,AT_RISK
INV004848,9,54.1,166.0,116418,AT_RISK
INV000359,9,54.1,197.0,93451,AT_RISK
INV000631,6,54.0,145.0,45319,AT_RISK
INV000901,6,54.0,95.0,36100,AT_RISK
INV004528,7,54.0,149.0,138706,AT_RISK
INV003351,6,54.0,86.0,104400,AT_RISK
INV004414,8,53.9,176.0,102062,AT_RISK
INV004459,7,53.8,141.0,73438,AT_RISK
INV003277,8,53.7,192.0,81268,AT_RISK
INV004798,7,53.7,106.0,63589,AT_RISK
INV004241,10,53.7,117.0,103788,AT_RISK
INV002459,8,53.7,161.0,40242,AT_RISK
INV000388,9,53.6,119.0,109420,AT_RISK
INV000262,8,53.6,122.0,47209,AT_RISK
INV003669,7,53.5,98.0,90038,AT_RISK
INV000642,9,53.5,139.0,109817,AT_RISK
INV001060,9,53.4,89.0,113690,AT_RISK
INV000265,10,53.4,140.0,203433,AT_RISK
INV001195,8,53.4,167.0,127687,AT_RISK
INV004267,7,53.3,109.0,70239,AT_RISK
INV002921,7,53.3,121.0,150805,AT_RISK
INV002850,7,53.2,166.0,60216,AT_RISK
INV003642,7,53.2,217.0,114117,AT_RISK
INV002282,6,53.2,102.0,90468,AT_RISK
INV002666,7,53.2,100.0,50807,AT_RISK
INV004555,8,53.1,151.0,111824,AT_RISK
INV003005,8,53.1,107.0,92598,AT_RISK
INV001616,9,53.0,117.0,153361,AT_RISK
INV000942,7,53.0,92.0,138493,AT_RISK
INV000751,9,53.0,193.0,42163,AT_RISK
INV002413,8,53.0,189.0,63974,AT_RISK
INV002822,7,53.0,108.0,79723,AT_RISK
INV002496,6,53.0,156.0,28341,AT_RISK
INV004282,8,52.9,105.0,64136,AT_RISK
INV002744,10,52.9,139.0,64967,AT_RISK
INV003534,8,52.7,160.0,53508,AT_RISK
INV002847,10,52.7,129.0,54971,AT_RISK
INV003375,8,52.7,158.0,135524,AT_RISK
INV003938,7,52.5,110.0,53978,AT_RISK
INV001739,9,52.5,96.0,113721,AT_RISK
INV002367,7,52.5,134.0,52309,AT_RISK
INV004974,8,52.4,102.0,87162,AT_RISK
INV000556,8,52.4,156.0,126416,AT_RISK
INV000634,9,52.2,147.0,98595,AT_RISK
INV002591,6,52.2,139.0,29695,AT_RISK
INV004348,6,52.2,120.0,151261,AT_RISK
INV002349,6,52.2,75.0,31786,AT_RISK
INV000698,9,52.2,219.0,77848,AT_RISK
INV000428,8,52.1,164.0,54350,AT_RISK
INV000309,8,52.0,157.0,63146,AT_RISK
INV000148,9,52.0,168.0,90012,AT_RISK
INV003630,7,52.0,96.0,32857,AT_RISK
INV004023,10,52.0,93.0,135403,AT_RISK
INV003761,8,51.9,150.0,29681,AT_RISK
INV001709,6,51.8,84.0,50259,AT_RISK
INV002951,7,51.8,82.0,41135,AT_RISK
INV003740,7,51.8,172.0,122048,AT_RISK
INV000596,9,51.8,140.0,169915,AT_RISK
INV001514,7,51.8,72.0,150056,AT_RISK
INV001315,7,51.8,124.0,62854,AT_RISK
INV001208,7,51.8,107.0,68466,AT_RISK
INV002237,7,51.7,142.0,61264,AT_RISK
INV002083,10,51.7,193.0,142753,AT_RISK
INV001649,10,51.7,120.0,113458,AT_RISK
INV001628,8,51.7,139.0,111394,AT_RISK
INV003695,7,51.7,157.0,31236,AT_RISK
INV002733,8,51.6,150.0,56424,AT_RISK
INV002508,9,51.6,171.0,128547,AT_RISK
INV002598,9,51.4,179.0,121198,AT_RISK
INV003431,6,51.4,152.0,65461,AT_RISK
INV002974,7,51.3,105.0,91467,AT_RISK
INV003581,8,51.3,95.0,39296,AT_RISK
INV003964,10,51.2,130.0,123334,AT_RISK
INV004611,7,51.2,217.0,141572,AT_RISK
INV001826,6,51.2,128.0,43001,AT_RISK
INV001299,9,51.2,121.0,67906,AT_RISK
INV000201,9,51.1,100.0,98278,AT_RISK
INV001061,9,51.1,141.0,99794,AT_RISK
INV003236,9,51.1,115.0,120464,AT_RISK
INV003681,9,51.0,101.0,26004,AT_RISK
INV003256,7,51.0,90.0,94745,AT_RISK
INV004917,7,51.0,77.0,108261,AT_RISK
INV003530,6,51.0,101.0,78084,AT_RISK
INV001219,8,50.9,118.0,90473,AT_RISK
INV003091,9,50.9,199.0,35993,AT_RISK
INV004843,8,50.9,153.0,74856,AT_RISK
INV001295,9,50.8,165.0,66843,AT_RISK
INV000527,6,50.8,116.0,115570,AT_RISK
INV003771,10,50.8,130.0,111757,AT_RISK
INV001886,9,50.8,129.0,73898,AT_RISK
INV002199,7,50.8,94.0,22813,AT_RISK
INV002389,10,50.8,126.0,37401,AT_RISK
INV004427,11,50.8,125.0,121193,AT_RISK
INV003812,7,50.8,174.0,52802,AT_RISK
INV000573,7,50.8,154.0,114632,AT_RISK
INV000331,8,50.7,163.0,124378,AT_RISK
INV003722,7,50.7,135.0,192710,AT_RISK
INV004472,7,50.7,156.0,33126,AT_RISK
INV004630,9,50.6,95.0,110756,AT_RISK
INV001728,8,50.6,131.0,142998,AT_RISK
INV004643,6,50.6,101.0,119017,AT_RISK
INV003738,6,50.6,117.0,21307,AT_RISK
INV001361,7,50.5,103.0,99669,AT_RISK
INV001314,10,50.4,130.0,196028,AT_RISK
INV001526,6,50.4,134.0,45632,AT_RISK
INV000981,6,50.4,104.0,68442,AT_RISK
INV000252,6,50.4,96.0,103128,AT_RISK
INV004279,8,50.3,116.0,185997,AT_RISK
INV003404,8,50.3,198.0,80637,AT_RISK
INV002422,10,50.3,139.0,78015,AT_RISK
INV003903,8,50.3,130.0,70037,AT_RISK
INV002590,10,50.2,125.0,151056,AT_RISK
INV004149,6,50.2,130.0,91943,AT_RISK
INV004135,10,50.1,164.0,66097,AT_RISK
INV003975,8,50.1,125.0,64647,AT_RISK
INV002689,8,50.0,115.0,78790,AT_RISK
INV003599,6,50.0,100.0,94188,AT_RISK
INV003847,8,50.0,66.0,74501,AT_RISK
INV004455,6,50.0,105.0,21070,AT_RISK
INV002893,9,50.0,148.0,67163,AT_RISK
INV003655,10,49.8,198.0,180197,AT_RISK
INV004447,7,49.8,129.0,111566,AT_RISK
INV004258,7,49.7,105.0,26892,AT_RISK
INV002475,10,49.7,119.0,65140,AT_RISK
INV002554,7,49.7,100.0,51011,AT_RISK
INV001800,7,49.7,132.0,100392,AT_RISK
INV000057,8,49.7,149.0,90907,AT_RISK
INV002527,7,49.7,93.0,9444,AT_RISK
INV000399,10,49.6,68.0,58193,AT_RISK
INV001759,10,49.6,126.0,108215,AT_RISK
INV000452,9,49.4,123.0,84270,AT_RISK
INV000853,10,49.3,193.0,61865,AT_RISK
INV001673,11,49.3,181.0,81749,AT_RISK
INV002904,7,49.3,104.0,21362,AT_RISK
INV000612,11,49.3,169.0,123648,AT_RISK
INV002915,8,49.3,117.0,115638,AT_RISK
INV003582,7,49.3,167.0,74240,AT_RISK
INV002437,7,49.2,212.0,180355,AT_RISK
INV002195,9,49.2,154.0,141661,AT_RISK
INV003495,10,49.2,121.0,76439,AT_RISK
INV003018,6,49.2,156.0,48461,AT_RISK
INV000069,10,49.1,129.0,156054,AT_RISK
INV004981,8,49.1,115.0,53117,AT_RISK
INV002813,7,49.0,149.0,58938,AT_RISK
INV002206,7,49.0,141.0,119856,AT_RISK
INV001636,9,48.9,159.0,35935,AT_RISK
INV000239,8,48.9,105.0,161292,AT_RISK
INV004338,10,48.9,209.0,134505,AT_RISK
INV000977,10,48.8,147.0,129735,AT_RISK
INV002294,8,48.7,163.0,93669,AT_RISK
INV003829,10,48.6,159.0,46819,AT_RISK
INV001995,6,48.6,94.0,76418,AT_RISK
INV001423,8,48.6,105.0,64384,AT_RISK
INV004712,8,48.6,84.0,119402,AT_RISK
INV000255,6,48.6,103.0,34653,AT_RISK
INV004560,9,48.4,107.0,83591,AT_RISK
INV002185,6,48.4,92.0,87101,AT_RISK
INV003559,10,48.3,118.0,131836,AT_RISK
INV002552,10,48.2,184.0,117496,AT_RISK
INV003007,9,48.2,162.0,50688,AT_RISK
INV004049,6,48.2,83.0,24571,AT_RISK
INV000073,9,48.2,112.0,113509,AT_RISK
INV002870,6,48.2,109.0,46965,AT_RISK
INV002935,7,48.0,72.0,50280,AT_RISK
INV003115,6,48.0,125.0,103814,AT_RISK
INV003311,9,48.0,149.0,43171,AT_RISK
INV001348,7,47.8,121.0,91022,AT_RISK
INV002407,7,47.8,167.0,68991,AT_RISK
INV000847,6,47.8,75.0,20771,AT_RISK
INV003634,6,47.8,83.0,65193,AT_RISK
INV001986,7,47.7,98.0,93572,AT_RISK
INV003450,10,47.7,158.0,140759,AT_RISK
INV001406,10,47.7,202.0,71494,AT_RISK
INV000030,9,47.6,100.0,76470,AT_RISK
INV002069,10,47.6,95.0,82746,AT_RISK
INV000493,10,47.6,201.0,130085,AT_RISK
INV004202,9,47.6,114.0,91560,AT_RISK
INV003767,9,47.5,125.0,129327,AT_RISK
INV001738,9,47.5,153.0,157288,AT_RISK
INV001853,8,47.4,95.0,158089,AT_RISK
INV002402,7,47.2,89.0,91623,AT_RISK
INV004680,7,47.2,155.0,22796,AT_RISK
INV003635,10,47.1,95.0,111446,AT_RISK
INV000531,7,47.0,82.0,151584,AT_RISK
INV000293,7,47.0,91.0,70574,AT_RISK
INV000609,6,47.0,87.0,44212,AT_RISK
INV001048,8,47.0,84.0,36491,AT_RISK
INV002390,6,47.0,100.0,90741,AT_RISK
INV000449,6,46.8,70.0,59567,AT_RISK
INV000408,6,46.8,125.0,47374,AT_RISK
INV002712,11,46.8,174.0,102129,AT_RISK
INV000971,7,46.8,139.0,38940,AT_RISK
INV004154,12,46.7,90.0,173527,AT_RISK
INV004400,8,46.6,104.0,187490,AT_RISK
INV003082,8,46.4,142.0,40228,AT_RISK
INV004996,10,46.3,104.0,84912,AT_RISK
INV001318,10,46.2,150.0,112663,AT_RISK
INV000109,9,46.2,63.0,67651,AT_RISK
INV000881,10,46.1,155.0,61437,AT_RISK
INV000048,9,46.0,168.0,40327,AT_RISK
INV000113,8,46.0,144.0,84349,AT_RISK
INV000772,6,46.0,81.0,88779,AT_RISK
INV003860,6,46.0,72.0,134277,AT_RISK
INV000292,7,46.0,95.0,123656,AT_RISK
INV002950,8,45.9,119.0,52718,AT_RISK
INV004358,8,45.9,87.0,82583,AT_RISK
INV003735,8,45.9,104.0,88089,AT_RISK
INV004289,11,45.9,201.0,42501,AT_RISK
INV000865,9,45.8,99.0,164885,AT_RISK
INV002693,7,45.8,72.0,166843,AT_RISK
INV001288,7,45.7,148.0,127240,AT_RISK
INV001580,7,45.7,119.0,85427,AT_RISK
INV002726,8,45.6,84.0,41222,AT_RISK
INV000033,8,45.6,87.0,46033,AT_RISK
INV002142,9,45.5,162.0,118669,AT_RISK
INV000249,7,45.5,162.0,194759,AT_RISK
INV003872,9,45.4,85.0,147109,AT_RISK
INV004177,8,45.4,117.0,43904,AT_RISK
INV001990,8,45.3,91.0,60133,AT_RISK
INV002259,7,45.3,89.0,139276,AT_RISK
INV003320,8,45.3,192.0,107141,AT_RISK
INV001407,6,45.2,141.0,49474,AT_RISK
INV003601,9,45.2,118.0,59029,AT_RISK
INV002645,7,45.2,133.0,89681,AT_RISK
INV004947,6,45.0,75.0,52036,AT_RISK
INV001019,9,44.9,180.0,62583,AT_RISK
INV000858,9,44.9,157.0,70918,AT_RISK
INV000094,6,44.8,95.0,49928,AT_RISK
INV001262,7,44.8,116.0,135943,AT_RISK
INV002102,6,44.8,63.0,90782,AT_RISK
INV004295,9,44.8,119.0,72695,AT_RISK
INV002017,7,44.7,99.0,48099,AT_RISK
INV000086,10,44.7,167.0,81221,AT_RISK
INV004805,7,44.7,92.0,90625,AT_RISK
INV001466,6,44.6,82.0,102555,AT_RISK
INV000586,7,44.5,111.0,138122,AT_RISK
INV000980,8,44.4,121.0,208518,AT_RISK
INV001828,8,44.4,91.0,57282,AT_RISK
INV002886,7,44.3,137.0,111958,AT_RISK
INV002052,7,44.2,114.0,143832,AT_RISK
INV003024,6,44.2,122.0,49549,AT_RISK
INV001562,10,44.2,146.0,66556,AT_RISK
INV003304,10,44.2,180.0,135315,AT_RISK
INV003317,8,44.1,71.0,75540,AT_RISK
INV000091,8,44.0,105.0,55134,AT_RISK
INV004579,8,43.9,77.0,26842,AT_RISK
INV001457,6,43.8,63.0,85947,AT_RISK
INV000369,6,43.8,112.0,22654,AT_RISK
INV003948,7,43.7,101.0,125023,AT_RISK
INV000412,8,43.7,70.0,87441,AT_RISK
INV002881,6,43.6,110.0,73870,AT_RISK
INV000460,6,43.4,107.0,35369,AT_RISK
INV002841,6,43.4,102.0,66169,AT_RISK
INV000279,9,43.4,133.0,61623,AT_RISK
INV004864,8,43.3,114.0,85458,AT_RISK
INV001063,8,43.3,120.0,30795,AT_RISK
INV002843,8,43.1,128.0,39772,AT_RISK
INV002198,9,43.0,93.0,50035,AT_RISK
INV001938,9,43.0,112.0,46935,AT_RISK
INV000699,6,42.8,147.0,51568,AT_RISK
INV001142,7,42.8,106.0,60116,AT_RISK
INV001753,11,42.8,128.0,111704,AT_RISK
INV004248,7,42.7,93.0,105673,AT_RISK
INV002304,10,42.6,104.0,88837,AT_RISK
INV003943,9,42.5,88.0,34838,AT_RISK
INV004460,9,42.5,93.0,22621,AT_RISK
INV001972,8,42.4,153.0,147921,AT_RISK
INV002149,8,42.3,215.0,71024,AT_RISK
INV004682,9,42.2,105.0,189171,AT_RISK
INV001037,10,42.0,86.0,73922,AT_RISK
INV004321,9,42.0,84.0,112711,AT_RISK
INV004297,9,41.9,82.0,122117,AT_RISK
INV004281,8,41.7,93.0,144759,AT_RISK
INV001002,7,41.7,85.0,38098,AT_RISK
INV002751,7,41.5,102.0,95314,AT_RISK
INV001069,8,41.3,98.0,96230,AT_RISK
INV002906,6,41.2,74.0,88578,AT_RISK
INV003405,8,41.0,186.0,95007,AT_RISK
INV004840,7,41.0,103.0,22257,AT_RISK
INV004410,11,40.9,138.0,80237,AT_RISK
INV004004,10,40.8,88.0,126080,AT_RISK
INV000864,6,40.8,106.0,72191,AT_RISK
INV002579,6,40.8,71.0,136656,AT_RISK
INV003153,7,40.7,156.0,82703,AT_RISK
INV004017,7,40.5,85.0,30279,AT_RISK
INV002347,9,40.5,79.0,30517,AT_RISK
INV004001,8,40.3,123.0,82786,AT_RISK
INV002122,7,40.3,97.0,66891,AT_RISK
INV002927,8,40.3,79.0,84741,AT_RISK
INV002831,6,40.2,72.0,41114,AT_RISK
INV000011,7,40.2,125.0,93920,AT_RISK
INV002391,6,40.2,124.0,59250,AT_RISK
INV004326,10,40.1,78.0,113261,AT_RISK
INV000823,7,39.7,69.0,49395,AT_RISK
INV003558,7,39.2,66.0,76056,AT_RISK
INV004617,9,39.2,83.0,110799,AT_RISK
INV002384,10,39.1,92.0,107297,AT_RISK
INV001920,7,39.0,76.0,111406,AT_RISK
INV002467,8,38.9,116.0,200058,AT_RISK
INV001025,6,38.8,76.0,77009,AT_RISK
INV004007,7,38.8,102.0,30426,AT_RISK
INV004834,9,38.6,106.0,172198,AT_RISK
INV000446,6,38.6,101.0,31195,AT_RISK
INV003009,9,38.1,84.0,44642,AT_RISK
INV002445,8,38.1,117.0,93265,AT_RISK
INV002723,9,37.8,102.0,44585,AT_RISK
INV000328,9,37.5,73.0,64273,AT_RISK
INV003338,9,37.5,155.0,153954,AT_RISK
INV000155,7,37.3,99.0,57530,AT_RISK
INV004511,6,37.2,89.0,43556,AT_RISK
INV002865,6,37.2,50.0,101007,AT_RISK
INV002688,9,37.0,122.0,127567,AT_RISK
INV000714,9,37.0,95.0,47519,AT_RISK
INV004807,8,36.9,86.0,33686,AT_RISK
INV001210,9,36.9,93.0,84090,AT_RISK
INV000052,6,36.2,120.0,24378,AT_RISK
INV003045,6,36.2,71.0,32392,AT_RISK
INV000665,10,36.2,148.0,56140,AT_RISK
INV003455,7,35.5,76.0,79732,AT_RISK
INV002464,6,35.4,97.0,50372,AT_RISK
INV004134,6,35.4,54.0,19310,AT_RISK
INV003025,8,35.3,65.0,71546,AT_RISK
INV000676,11,35.3,106.0,174741,AT_RISK
INV000566,7,35.0,119.0,120009,AT_RISK
INV003772,9,34.5,72.0,28922,AT_RISK
INV000707,9,34.4,106.0,50988,AT_RISK
INV004927,7,34.2,63.0,95667,AT_RISK
INV003382,6,34.2,85.0,70423,AT_RISK
INV004246,7,34.2,64.0,97439,AT_RISK
INV004542,7,34.0,59.0,59894,AT_RISK
INV001672,9,34.0,130.0,90532,AT_RISK
INV003650,11,33.9,86.0,43669,AT_RISK
INV002509,10,33.7,74.0,117779,AT_RISK
INV002092,7,33.5,54.0,63358,AT_RISK
INV002037,6,33.2,61.0,58317,AT_RISK
INV002388,6,33.2,84.0,109517,AT_RISK
INV003678,6,32.8,45.0,49783,HEALTHY
INV000785,6,32.6,66.0,29312,AT_RISK
INV000930,8,32.4,118.0,92989,AT_RISK
INV002810,8,32.3,139.0,198382,AT_RISK
INV000624,7,31.7,53.0,131937,AT_RISK
INV000935,9,30.9,73.0,152824,AT_RISK
INV004356,6,30.8,81.0,27375,AT_RISK
INV003828,7,30.7,109.0,130613,AT_RISK
INV001775,8,29.1,65.0,92864,AT_RISK
INV000750,9,26.5,84.0,95979,AT_RISK
INV001099,8,26.1,63.0,135739,AT_RISK
INV000334,7,25.5,60.0,43720,AT_RISK
INV002298,6,23.2,37.0,79273,HEALTHY
INV002705,8,22.6,70.0,53493,AT_RISK
INV002374,6,21.2,34.0,87120,HEALTHY
INV004701,7,20.0,82.0,40757,AT_RISK
INV001822,6,19.8,43.0,43103,HEALTHY
