rank,scheme_name,category,fund_house,plan,return_3yr_pct,sharpe_ratio,sortino_ratio,alpha,beta,expense_ratio_pct,max_drawdown_pct,composite_score
1,Kotak Flexicap Fund - Regular - Growth,Flexi Cap,Kotak Mahindra MF,Regular,15.65,1.31,2.36,1.85,0.95,1.45,12.97,69.13
2,SBI Bluechip Fund - Direct Plan - Growth,Large Cap,SBI Mutual Fund,Direct,11.3,0.95,1.61,1.78,0.87,0.66,11.8,68.15
3,SBI Small Cap Fund - Regular Plan - Growth,Small Cap,SBI Mutual Fund,Regular,23.39,0.95,1.68,1.23,0.89,1.43,28.71,66.73
4,Mirae Asset Large Cap Fund - Regular - Growth,Large Cap,Mirae Asset MF,Regular,14.81,1.45,2.39,1.62,0.96,1.46,11.27,66.35
5,Nippon India Large Cap Fund - Direct - Growth,Large Cap,Nippon India MF,Direct,12.33,0.65,1.15,1.7,1.02,0.72,18.63,63.33
6,Nippon India ETF Nifty 50 BeES,Index/ETF,Nippon India MF,Direct,11.77,0.66,1.14,1.8,1.04,0.89,11.65,62.87
7,ABSL Small Cap Fund - Regular - Growth,Small Cap,Aditya Birla Sun Life MF,Regular,22.38,0.16,0.28,1.84,0.97,1.53,35.45,62.0
8,ICICI Pru Bluechip Fund - Direct - Growth,Large Cap,ICICI Prudential MF,Direct,14.41,1.03,1.81,0.88,1.03,0.8,12.59,59.83
9,Mirae Asset Emerging Bluechip Fund - Regular - Growth,Large & Mid Cap,Mirae Asset MF,Regular,14.56,0.93,1.63,1.7,0.99,1.52,15.27,59.71
10,ICICI Pru Liquid Fund - Regular - Growth,Liquid,ICICI Prudential MF,Regular,7.68,0.5,1.05,1.85,0.26,0.74,0.1,59.33
11,SBI Small Cap Fund - Direct Plan - Growth,Small Cap,SBI Mutual Fund,Direct,23.14,-0.06,-0.09,1.13,1.04,0.72,52.57,59.06
12,ICICI Pru Midcap Fund - Regular - Growth,Mid Cap,ICICI Prudential MF,Regular,18.08,1.18,2.03,0.89,1.0,1.36,18.19,58.87
13,Axis Midcap Fund - Regular - Growth,Mid Cap,Axis Mutual Fund,Regular,15.18,1.0,1.7,1.42,1.0,1.38,20.96,58.53
14,Kotak Emerging Equity Fund - Regular - Growth,Mid Cap,Kotak Mahindra MF,Regular,18.23,0.08,0.12,1.91,1.0,1.56,24.0,57.02
15,HDFC Top 100 Fund - Direct Plan - Growth,Large Cap,HDFC Mutual Fund,Direct,13.38,0.78,1.33,1.13,0.97,0.92,15.2,56.63
16,HDFC Mid-Cap Opportunities Fund - Regular - Growth,Mid Cap,HDFC Mutual Fund,Regular,16.58,1.09,1.83,0.95,0.91,1.38,16.22,56.33
17,UTI Flexi Cap Fund - Regular - Growth,Flexi Cap,UTI Mutual Fund,Regular,15.34,0.62,1.09,1.79,1.0,1.64,21.54,55.95
18,DSP Midcap Fund - Regular - Growth,Mid Cap,DSP Mutual Fund,Regular,17.16,1.13,1.88,1.02,0.98,1.61,17.25,55.32
19,ABSL Frontline Equity Fund - Regular - Growth,Large Cap,Aditya Birla Sun Life MF,Regular,13.78,1.03,1.8,1.34,1.03,1.6,11.29,54.29
20,DSP Top 100 Equity Fund - Regular - Growth,Large Cap,DSP Mutual Fund,Regular,12.82,0.46,0.76,1.82,0.91,1.54,14.84,53.11
21,Axis Bluechip Fund - Direct - Growth,Large Cap,Axis Mutual Fund,Direct,12.14,0.13,0.22,1.43,0.87,0.75,21.75,52.61
22,DSP Small Cap Fund - Regular - Growth,Small Cap,DSP Mutual Fund,Regular,20.08,0.95,1.62,0.69,0.98,1.52,31.17,52.23
23,HDFC Mid-Cap Opportunities Fund - Direct - Growth,Mid Cap,HDFC Mutual Fund,Direct,15.29,0.3,0.51,0.9,1.04,0.78,21.12,52.15
24,HDFC Short Term Debt Fund - Regular - Growth,Short Duration,HDFC Mutual Fund,Regular,7.37,-0.57,-0.94,1.98,0.44,0.56,4.31,50.48
25,Nippon India Small Cap Fund - Regular - Growth,Small Cap,Nippon India MF,Regular,20.15,0.45,0.75,0.8,1.03,1.53,23.34,49.69
26,Nippon India Large Cap Fund - Regular - Growth,Large Cap,Nippon India MF,Regular,14.0,1.08,1.85,0.86,0.88,1.51,17.41,48.74
27,Kotak Liquid Fund - Regular - Growth,Liquid,Kotak Mahindra MF,Regular,6.18,-0.09,-0.19,1.52,0.47,0.6,0.12,47.8
28,SBI Bluechip Fund - Regular Plan - Growth,Large Cap,SBI Mutual Fund,Regular,12.36,1.21,2.14,0.87,0.89,1.54,15.01,47.66
29,Mirae Asset Tax Saver Fund - Regular - Growth,ELSS,Mirae Asset MF,Regular,13.58,1.23,2.15,0.54,0.98,1.6,16.4,44.3
30,UTI Nifty 50 Index Fund - Regular - Growth,Index,UTI Mutual Fund,Regular,12.1,0.82,1.44,0.93,0.9,1.57,10.86,44.13
31,SBI Magnum Gilt Fund - Regular Plan - Growth,Gilt,SBI Mutual Fund,Regular,6.07,-0.23,-0.38,1.6,0.22,0.77,4.33,44.02
32,Kotak Bluechip Fund - Regular - Growth,Large Cap,Kotak Mahindra MF,Regular,12.25,0.49,0.86,1.27,0.93,1.59,17.57,43.81
33,ICICI Pru Value Discovery Fund - Regular - Growth,Value,ICICI Prudential MF,Regular,14.76,0.65,1.1,0.55,0.92,1.41,19.83,41.95
34,ICICI Pru Bluechip Fund - Regular - Growth,Large Cap,ICICI Prudential MF,Regular,11.54,0.8,1.34,0.66,0.96,1.42,13.9,40.8
35,Axis Bluechip Fund - Regular - Growth,Large Cap,Axis Mutual Fund,Regular,11.84,0.03,0.05,1.41,0.91,1.64,14.4,39.89
36,UTI Mid Cap Fund - Regular - Growth,Mid Cap,UTI Mutual Fund,Regular,15.61,-0.21,-0.35,1.12,0.92,1.51,28.0,38.7
37,Axis Small Cap Fund - Regular - Growth,Small Cap,Axis Mutual Fund,Regular,20.98,-0.08,-0.13,0.51,1.0,1.38,51.68,37.94
38,Nippon India Gilt Securities Fund - Regular - Growth,Gilt,Nippon India MF,Regular,5.31,-0.36,-0.61,0.89,0.37,0.55,8.32,33.95
39,HDFC Top 100 Fund - Regular Plan - Growth,Large Cap,HDFC Mutual Fund,Regular,14.84,-0.2,-0.35,0.78,0.97,1.55,24.73,32.99
40,ABSL Liquid Fund - Regular - Growth,Liquid,Aditya Birla Sun Life MF,Regular,5.14,-0.82,-1.68,1.18,0.43,0.79,0.16,30.8
